-- phpMyAdmin SQL Dump
-- version 4.5.2
-- http://www.phpmyadmin.net
--
-- Host: localhost
-- Generation Time: May 21, 2017 at 04:35 PM
-- Server version: 10.1.19-MariaDB
-- PHP Version: 7.0.9

SET SQL_MODE = "NO_AUTO_VALUE_ON_ZERO";
SET time_zone = "+00:00";


/*!40101 SET @OLD_CHARACTER_SET_CLIENT=@@CHARACTER_SET_CLIENT */;
/*!40101 SET @OLD_CHARACTER_SET_RESULTS=@@CHARACTER_SET_RESULTS */;
/*!40101 SET @OLD_COLLATION_CONNECTION=@@COLLATION_CONNECTION */;
/*!40101 SET NAMES utf8mb4 */;

--
-- Database: `thposts`
--

-- --------------------------------------------------------

--
-- Table structure for table `authors`
--

CREATE TABLE `authors` (
  `id` int(10) UNSIGNED NOT NULL,
  `username` varchar(191) COLLATE utf8mb4_unicode_ci NOT NULL,
  `password` varchar(191) COLLATE utf8mb4_unicode_ci DEFAULT NULL,
  `nickname` varchar(191) COLLATE utf8mb4_unicode_ci NOT NULL,
  `email` varchar(191) COLLATE utf8mb4_unicode_ci NOT NULL,
  `facebook` varchar(191) COLLATE utf8mb4_unicode_ci DEFAULT NULL,
  `google` varchar(191) COLLATE utf8mb4_unicode_ci DEFAULT NULL,
  `twitter` varchar(191) COLLATE utf8mb4_unicode_ci DEFAULT NULL,
  `image` varchar(191) COLLATE utf8mb4_unicode_ci NOT NULL,
  `admin` int(10) DEFAULT NULL,
  `remember_token` varchar(100) COLLATE utf8mb4_unicode_ci DEFAULT NULL,
  `created_at` timestamp NULL DEFAULT NULL,
  `updated_at` timestamp NULL DEFAULT NULL
) ENGINE=InnoDB DEFAULT CHARSET=utf8mb4 COLLATE=utf8mb4_unicode_ci;

--
-- Dumping data for table `authors`
--

INSERT INTO `authors` (`id`, `username`, `password`, `nickname`, `email`, `facebook`, `google`, `twitter`, `image`, `admin`, `remember_token`, `created_at`, `updated_at`) VALUES
(1, 'mostafarabia', 'mos123', 'mostafarabia', '', '', '', '', 'image2.jpg', 0, 'TZaSuxU959yXTiKh4UMnK10AZttR8hJUcfzHvW21RGOWHWjRriVAB0TBirat', NULL, NULL),
(5, 'Mostafa Rabia', NULL, 'Mostafa Rabia', 'zoza20072@yahoo.com', 'https://www.facebook.com/1498049990219265', NULL, NULL, 'https://graph.facebook.com/v2.8/1498049990219265/picture?type=normal', 1, '8IPUtoUAwdfPwhP7uR0CxWGmfG6Lgo8QC7tym0d3ENu1lTqVuP74Z4yWuAFq', '2017-04-16 18:24:10', '2017-04-16 18:24:10');

-- --------------------------------------------------------

--
-- Table structure for table `comments`
--

CREATE TABLE `comments` (
  `id` bigint(10) UNSIGNED NOT NULL,
  `post_id` int(10) UNSIGNED NOT NULL,
  `user_id` int(10) UNSIGNED NOT NULL,
  `comment` varchar(5000) COLLATE utf8mb4_unicode_ci NOT NULL,
  `updated_at` timestamp NOT NULL DEFAULT CURRENT_TIMESTAMP ON UPDATE CURRENT_TIMESTAMP,
  `created_at` timestamp NOT NULL DEFAULT '0000-00-00 00:00:00'
) ENGINE=InnoDB DEFAULT CHARSET=utf8mb4 COLLATE=utf8mb4_unicode_ci;

--
-- Dumping data for table `comments`
--

INSERT INTO `comments` (`id`, `post_id`, `user_id`, `comment`, `updated_at`, `created_at`) VALUES
(3, 104, 5, 'هذا النص هو مثال لنص يمكن أن يستبدل في نفس المساحة، لقد تم توليد هذا النص من مولد النص العربى، حيث يمكنك أن تولد مثل هذا النص أو العديد من الن', '2017-04-21 03:17:12', '0000-00-00 00:00:00'),
(6, 104, 1, 'هذا النص هو مثال لنص يمكن أن يستبدل في نفس المساحة، لقد تم توليد هذا النص من مولد النص العربى، حيث يمكنك أن تولد مثل هذا النص أو العديد من الن', '2017-04-11 21:23:50', '0000-00-00 00:00:00'),
(7, 104, 1, 'هذا النص هو مثال لنص يمكن أن يستبدل في نفس المساحة، لقد تم توليد هذا النص من مولد النص العربى، حيث يمكنك أن تولد مثل هذا النص أو العديد من الن', '2017-04-11 21:23:50', '0000-00-00 00:00:00'),
(8, 104, 1, 'هذا النص هو مثال لنص يمكن أن يستبدل في نفس المساحة، لقد تم توليد هذا النص من مولد النص العربى، حيث يمكنك أن تولد مثل هذا النص أو العديد من الن', '2017-04-11 21:23:50', '0000-00-00 00:00:00'),
(9, 104, 1, 'هذا النص هو مثال لنص يمكن أن يستبدل في نفس المساحة، لقد تم توليد هذا النص من مولد النص العربى، حيث يمكنك أن تولد مثل هذا النص أو العديد من الن', '2017-04-11 21:23:50', '0000-00-00 00:00:00'),
(10, 104, 1, 'هذا النص هو مثال لنص يمكن أن يستبدل في نفس المساحة، لقد تم توليد هذا النص من مولد النص العربى، حيث يمكنك أن تولد مثل هذا النص أو العديد من الن', '2017-04-11 21:23:50', '0000-00-00 00:00:00'),
(11, 104, 1, 'هذا النص هو مثال لنص يمكن أن يستبدل في نفس المساحة، لقد تم توليد هذا النص من مولد النص العربى، حيث يمكنك أن تولد مثل هذا النص أو العديد من الن', '2017-04-11 21:23:50', '0000-00-00 00:00:00'),
(12, 104, 1, 'هذا النص هو مثال لنص يمكن أن يستبدل في نفس المساحة، لقد تم توليد هذا النص من مولد النص العربى، حيث يمكنك أن تولد مثل هذا النص أو العديد من الن', '2017-04-11 21:23:50', '0000-00-00 00:00:00'),
(13, 104, 1, 'هذا النص هو مثال لنص يمكن أن يستبدل في نفس المساحة، لقد تم توليد هذا النص من مولد النص العربى، حيث يمكنك أن تولد مثل هذا النص أو العديد من الن', '2017-04-11 21:23:50', '0000-00-00 00:00:00'),
(14, 104, 1, 'هذا النص هو مثال لنص يمكن أن يستبدل في نفس المساحة، لقد تم توليد هذا النص من مولد النص العربى، حيث يمكنك أن تولد مثل هذا النص أو العديد من الن', '2017-04-11 21:23:50', '0000-00-00 00:00:00'),
(15, 104, 1, 'هذا النص هو مثال لنص يمكن أن يستبدل في نفس المساحة، لقد تم توليد هذا النص من مولد النص العربى، حيث يمكنك أن تولد مثل هذا النص أو العديد من الن', '2017-04-11 21:23:50', '0000-00-00 00:00:00'),
(16, 104, 1, 'هذا النص هو مثال لنص يمكن أن يستبدل في نفس المساحة، لقد تم توليد هذا النص من مولد النص العربى، حيث يمكنك أن تولد مثل هذا النص أو العديد من الن', '2017-04-11 21:23:50', '0000-00-00 00:00:00'),
(17, 104, 1, 'هذا النص هو مثال لنص يمكن أن يستبدل في نفس المساحة، لقد تم توليد هذا النص من مولد النص العربى، حيث يمكنك أن تولد مثل هذا النص أو العديد من الن', '2017-04-11 21:23:50', '0000-00-00 00:00:00'),
(18, 104, 1, 'هذا النص هو مثال لنص يمكن أن يستبدل في نفس المساحة، لقد تم توليد هذا النص من مولد النص العربى، حيث يمكنك أن تولد مثل هذا النص أو العديد من الن', '2017-04-11 21:23:50', '0000-00-00 00:00:00'),
(19, 104, 1, 'هذا النص هو مثال لنص يمكن أن يستبدل في نفس المساحة، لقد تم توليد هذا النص من مولد النص العربى، حيث يمكنك أن تولد مثل هذا النص أو العديد من الن', '2017-04-11 21:23:50', '0000-00-00 00:00:00'),
(20, 104, 1, 'هذا النص هو مثال لنص يمكن أن يستبدل في نفس المساحة، لقد تم توليد هذا النص من مولد النص العربى، حيث يمكنك أن تولد مثل هذا النص أو العديد من الن', '2017-04-11 21:23:50', '0000-00-00 00:00:00'),
(21, 104, 1, 'هذا النص هو مثال لنص يمكن أن يستبدل في نفس المساحة، لقد تم توليد هذا النص من مولد النص العربى، حيث يمكنك أن تولد مثل هذا النص أو العديد من الن', '2017-04-11 21:23:50', '0000-00-00 00:00:00'),
(22, 104, 1, 'هذا النص هو مثال لنص يمكن أن يستبدل في نفس المساحة، لقد تم توليد هذا النص من مولد النص العربى، حيث يمكنك أن تولد مثل هذا النص أو العديد من الن', '2017-04-11 21:23:50', '0000-00-00 00:00:00'),
(23, 104, 1, 'هذا النص هو مثال لنص يمكن أن يستبدل في نفس المساحة، لقد تم توليد هذا النص من مولد النص العربى، حيث يمكنك أن تولد مثل هذا النص أو العديد من الن', '2017-04-11 21:23:50', '0000-00-00 00:00:00'),
(24, 104, 1, 'هذا النص هو مثال لنص يمكن أن يستبدل في نفس المساحة، لقد تم توليد هذا النص من مولد النص العربى، حيث يمكنك أن تولد مثل هذا النص أو العديد من الن', '2017-04-11 21:23:50', '0000-00-00 00:00:00'),
(25, 104, 1, 'هذا النص هو مثال لنص يمكن أن يستبدل في نفس المساحة، لقد تم توليد هذا النص من مولد النص العربى، حيث يمكنك أن تولد مثل هذا النص أو العديد من الن', '2017-04-11 21:23:50', '0000-00-00 00:00:00'),
(26, 104, 1, 'هذا النص هو مثال لنص يمكن أن يستبدل في نفس المساحة، لقد تم توليد هذا النص من مولد النص العربى، حيث يمكنك أن تولد مثل هذا النص أو العديد من الن', '2017-04-11 21:23:50', '0000-00-00 00:00:00'),
(27, 104, 1, 'هذا النص هو مثال لنص يمكن أن يستبدل في نفس المساحة، لقد تم توليد هذا النص من مولد النص العربى، حيث يمكنك أن تولد مثل هذا النص أو العديد من الن', '2017-04-11 21:23:50', '0000-00-00 00:00:00'),
(28, 104, 1, 'هذا النص هو مثال لنص يمكن أن يستبدل في نفس المساحة، لقد تم توليد هذا النص من مولد النص العربى، حيث يمكنك أن تولد مثل هذا النص أو العديد من الن', '2017-04-11 21:23:50', '0000-00-00 00:00:00'),
(29, 104, 1, 'هذا النص هو مثال لنص يمكن أن يستبدل في نفس المساحة، لقد تم توليد هذا النص من مولد النص العربى، حيث يمكنك أن تولد مثل هذا النص أو العديد من الن', '2017-04-11 21:23:50', '0000-00-00 00:00:00'),
(30, 104, 1, 'هذا النص هو مثال لنص يمكن أن يستبدل في نفس المساحة، لقد تم توليد هذا النص من مولد النص العربى، حيث يمكنك أن تولد مثل هذا النص أو العديد من الن', '2017-04-11 21:23:50', '0000-00-00 00:00:00'),
(31, 104, 1, 'هذا النص هو مثال لنص يمكن أن يستبدل في نفس المساحة، لقد تم توليد هذا النص من مولد النص العربى، حيث يمكنك أن تولد مثل هذا النص أو العديد من الن', '2017-04-11 21:23:50', '0000-00-00 00:00:00'),
(32, 104, 1, 'هذا النص هو مثال لنص يمكن أن يستبدل في نفس المساحة، لقد تم توليد هذا النص من مولد النص العربى، حيث يمكنك أن تولد مثل هذا النص أو العديد من الن', '2017-04-11 21:23:50', '0000-00-00 00:00:00'),
(33, 104, 1, 'هذا النص هو مثال لنص يمكن أن يستبدل في نفس المساحة، لقد تم توليد هذا النص من مولد النص العربى، حيث يمكنك أن تولد مثل هذا النص أو العديد من الن', '2017-04-11 21:23:50', '0000-00-00 00:00:00'),
(34, 104, 1, 'هذا النص هو مثال لنص يمكن أن يستبدل في نفس المساحة، لقد تم توليد هذا النص من مولد النص العربى، حيث يمكنك أن تولد مثل هذا النص أو العديد من الن', '2017-04-11 21:23:50', '0000-00-00 00:00:00'),
(35, 104, 1, 'هذا النص هو مثال لنص يمكن أن يستبدل في نفس المساحة، لقد تم توليد هذا النص من مولد النص العربى، حيث يمكنك أن تولد مثل هذا النص أو العديد من الن', '2017-04-11 21:23:50', '0000-00-00 00:00:00'),
(36, 104, 1, 'هذا النص هو مثال لنص يمكن أن يستبدل في نفس المساحة، لقد تم توليد هذا النص من مولد النص العربى، حيث يمكنك أن تولد مثل هذا النص أو العديد من الن', '2017-04-11 21:23:50', '0000-00-00 00:00:00'),
(37, 104, 1, 'هذا النص هو مثال لنص يمكن أن يستبدل في نفس المساحة، لقد تم توليد هذا النص من مولد النص العربى، حيث يمكنك أن تولد مثل هذا النص أو العديد من الن', '2017-04-11 21:23:50', '0000-00-00 00:00:00'),
(38, 104, 1, 'هذا النص هو مثال لنص يمكن أن يستبدل في نفس المساحة، لقد تم توليد هذا النص من مولد النص العربى، حيث يمكنك أن تولد مثل هذا النص أو العديد من الن', '2017-04-11 21:23:50', '0000-00-00 00:00:00'),
(39, 104, 1, 'هذا النص هو مثال لنص يمكن أن يستبدل في نفس المساحة، لقد تم توليد هذا النص من مولد النص العربى، حيث يمكنك أن تولد مثل هذا النص أو العديد من الن', '2017-04-11 21:23:50', '0000-00-00 00:00:00'),
(40, 104, 1, 'هذا النص هو مثال لنص يمكن أن يستبدل في نفس المساحة، لقد تم توليد هذا النص من مولد النص العربى، حيث يمكنك أن تولد مثل هذا النص أو العديد من الن', '2017-04-11 21:23:50', '0000-00-00 00:00:00'),
(41, 104, 1, 'هذا النص هو مثال لنص يمكن أن يستبدل في نفس المساحة، لقد تم توليد هذا النص من مولد النص العربى، حيث يمكنك أن تولد مثل هذا النص أو العديد من الن', '2017-04-11 21:23:50', '0000-00-00 00:00:00'),
(42, 104, 1, 'هذا النص هو مثال لنص يمكن أن يستبدل في نفس المساحة، لقد تم توليد هذا النص من مولد النص العربى، حيث يمكنك أن تولد مثل هذا النص أو العديد من الن', '2017-04-11 21:23:50', '0000-00-00 00:00:00'),
(43, 104, 1, 'هذا النص هو مثال لنص يمكن أن يستبدل في نفس المساحة، لقد تم توليد هذا النص من مولد النص العربى، حيث يمكنك أن تولد مثل هذا النص أو العديد من الن', '2017-04-11 21:23:50', '0000-00-00 00:00:00'),
(44, 104, 1, 'هذا النص هو مثال لنص يمكن أن يستبدل في نفس المساحة، لقد تم توليد هذا النص من مولد النص العربى، حيث يمكنك أن تولد مثل هذا النص أو العديد من الن', '2017-04-11 21:23:50', '0000-00-00 00:00:00'),
(45, 104, 1, 'هذا النص هو مثال لنص يمكن أن يستبدل في نفس المساحة، لقد تم توليد هذا النص من مولد النص العربى، حيث يمكنك أن تولد مثل هذا النص أو العديد من الن', '2017-04-11 21:23:50', '0000-00-00 00:00:00'),
(46, 104, 1, 'هذا النص هو مثال لنص يمكن أن يستبدل في نفس المساحة، لقد تم توليد هذا النص من مولد النص العربى، حيث يمكنك أن تولد مثل هذا النص أو العديد من الن', '2017-04-11 21:23:50', '0000-00-00 00:00:00'),
(47, 104, 1, 'هذا النص هو مثال لنص يمكن أن يستبدل في نفس المساحة، لقد تم توليد هذا النص من مولد النص العربى، حيث يمكنك أن تولد مثل هذا النص أو العديد من الن', '2017-04-11 21:23:50', '0000-00-00 00:00:00'),
(48, 104, 1, 'هذا النص هو مثال لنص يمكن أن يستبدل في نفس المساحة، لقد تم توليد هذا النص من مولد النص العربى، حيث يمكنك أن تولد مثل هذا النص أو العديد من الن', '2017-04-11 21:23:50', '0000-00-00 00:00:00'),
(49, 104, 1, 'هذا النص هو مثال لنص يمكن أن يستبدل في نفس المساحة، لقد تم توليد هذا النص من مولد النص العربى، حيث يمكنك أن تولد مثل هذا النص أو العديد من الن', '2017-04-11 21:23:50', '0000-00-00 00:00:00'),
(50, 104, 1, 'هذا النص هو مثال لنص يمكن أن يستبدل في نفس المساحة، لقد تم توليد هذا النص من مولد النص العربى، حيث يمكنك أن تولد مثل هذا النص أو العديد من الن', '2017-04-11 21:23:50', '0000-00-00 00:00:00'),
(51, 104, 1, 'هذا النص هو مثال لنص يمكن أن يستبدل في نفس المساحة، لقد تم توليد هذا النص من مولد النص العربى، حيث يمكنك أن تولد مثل هذا النص أو العديد من الن', '2017-04-11 21:23:50', '0000-00-00 00:00:00'),
(52, 104, 1, 'هذا النص هو مثال لنص يمكن أن يستبدل في نفس المساحة، لقد تم توليد هذا النص من مولد النص العربى، حيث يمكنك أن تولد مثل هذا النص أو العديد من الن', '2017-04-11 21:23:50', '0000-00-00 00:00:00'),
(53, 104, 1, 'هذا النص هو مثال لنص يمكن أن يستبدل في نفس المساحة، لقد تم توليد هذا النص من مولد النص العربى، حيث يمكنك أن تولد مثل هذا النص أو العديد من الن', '2017-04-11 21:23:50', '0000-00-00 00:00:00'),
(54, 104, 1, 'هذا النص هو مثال لنص يمكن أن يستبدل في نفس المساحة، لقد تم توليد هذا النص من مولد النص العربى، حيث يمكنك أن تولد مثل هذا النص أو العديد من الن', '2017-04-11 21:23:50', '0000-00-00 00:00:00'),
(55, 104, 1, 'هذا النص هو مثال لنص يمكن أن يستبدل في نفس المساحة، لقد تم توليد هذا النص من مولد النص العربى، حيث يمكنك أن تولد مثل هذا النص أو العديد من الن', '2017-04-11 21:23:50', '0000-00-00 00:00:00'),
(56, 63, 1, 'هذا النص هو مثال لنص يمكن أن يستبدل في نفس المساحة، لقد تم توليد هذا النص من مولد النص العربى، حيث يمكنك أن تولد مثل هذا النص أو العديد من الن', '2017-04-11 21:23:50', '0000-00-00 00:00:00'),
(57, 63, 1, 'هذا النص هو مثال لنص يمكن أن يستبدل في نفس المساحة، لقد تم توليد هذا النص من مولد النص العربى، حيث يمكنك أن تولد مثل هذا النص أو العديد من الن', '2017-04-11 21:23:50', '0000-00-00 00:00:00'),
(58, 63, 1, 'هذا النص هو مثال لنص يمكن أن يستبدل في نفس المساحة، لقد تم توليد هذا النص من مولد النص العربى، حيث يمكنك أن تولد مثل هذا النص أو العديد من الن', '2017-04-11 21:23:50', '0000-00-00 00:00:00'),
(59, 63, 1, 'هذا النص هو مثال لنص يمكن أن يستبدل في نفس المساحة، لقد تم توليد هذا النص من مولد النص العربى، حيث يمكنك أن تولد مثل هذا النص أو العديد من الن', '2017-04-11 21:23:50', '0000-00-00 00:00:00'),
(60, 63, 1, 'هذا النص هو مثال لنص يمكن أن يستبدل في نفس المساحة، لقد تم توليد هذا النص من مولد النص العربى، حيث يمكنك أن تولد مثل هذا النص أو العديد من الن', '2017-04-11 21:23:50', '0000-00-00 00:00:00'),
(61, 63, 1, 'هذا النص هو مثال لنص يمكن أن يستبدل في نفس المساحة، لقد تم توليد هذا النص من مولد النص العربى، حيث يمكنك أن تولد مثل هذا النص أو العديد من الن', '2017-04-11 21:23:50', '0000-00-00 00:00:00'),
(62, 63, 1, 'هذا النص هو مثال لنص يمكن أن يستبدل في نفس المساحة، لقد تم توليد هذا النص من مولد النص العربى، حيث يمكنك أن تولد مثل هذا النص أو العديد من الن', '2017-04-11 21:23:50', '0000-00-00 00:00:00'),
(63, 63, 1, 'هذا النص هو مثال لنص يمكن أن يستبدل في نفس المساحة، لقد تم توليد هذا النص من مولد النص العربى، حيث يمكنك أن تولد مثل هذا النص أو العديد من الن', '2017-04-11 21:23:50', '0000-00-00 00:00:00'),
(64, 63, 1, 'هذا النص هو مثال لنص يمكن أن يستبدل في نفس المساحة، لقد تم توليد هذا النص من مولد النص العربى، حيث يمكنك أن تولد مثل هذا النص أو العديد من الن', '2017-04-11 21:23:50', '0000-00-00 00:00:00'),
(65, 63, 1, 'هذا النص هو مثال لنص يمكن أن يستبدل في نفس المساحة، لقد تم توليد هذا النص من مولد النص العربى، حيث يمكنك أن تولد مثل هذا النص أو العديد من الن', '2017-04-11 21:23:50', '0000-00-00 00:00:00'),
(66, 63, 1, 'هذا النص هو مثال لنص يمكن أن يستبدل في نفس المساحة، لقد تم توليد هذا النص من مولد النص العربى، حيث يمكنك أن تولد مثل هذا النص أو العديد من الن', '2017-04-11 21:23:50', '0000-00-00 00:00:00'),
(67, 63, 1, 'هذا النص هو مثال لنص يمكن أن يستبدل في نفس المساحة، لقد تم توليد هذا النص من مولد النص العربى، حيث يمكنك أن تولد مثل هذا النص أو العديد من الن', '2017-04-11 21:23:50', '0000-00-00 00:00:00'),
(68, 63, 1, 'هذا النص هو مثال لنص يمكن أن يستبدل في نفس المساحة، لقد تم توليد هذا النص من مولد النص العربى، حيث يمكنك أن تولد مثل هذا النص أو العديد من الن', '2017-04-11 21:23:50', '0000-00-00 00:00:00'),
(69, 63, 1, 'هذا النص هو مثال لنص يمكن أن يستبدل في نفس المساحة، لقد تم توليد هذا النص من مولد النص العربى، حيث يمكنك أن تولد مثل هذا النص أو العديد من الن', '2017-04-11 21:23:50', '0000-00-00 00:00:00'),
(70, 63, 1, 'هذا النص هو مثال لنص يمكن أن يستبدل في نفس المساحة، لقد تم توليد هذا النص من مولد النص العربى، حيث يمكنك أن تولد مثل هذا النص أو العديد من الن', '2017-04-11 21:23:50', '0000-00-00 00:00:00'),
(71, 63, 1, 'هذا النص هو مثال لنص يمكن أن يستبدل في نفس المساحة، لقد تم توليد هذا النص من مولد النص العربى، حيث يمكنك أن تولد مثل هذا النص أو العديد من الن', '2017-04-11 21:23:50', '0000-00-00 00:00:00'),
(72, 63, 1, 'هذا النص هو مثال لنص يمكن أن يستبدل في نفس المساحة، لقد تم توليد هذا النص من مولد النص العربى، حيث يمكنك أن تولد مثل هذا النص أو العديد من الن', '2017-04-11 21:23:50', '0000-00-00 00:00:00'),
(73, 63, 1, 'هذا النص هو مثال لنص يمكن أن يستبدل في نفس المساحة، لقد تم توليد هذا النص من مولد النص العربى، حيث يمكنك أن تولد مثل هذا النص أو العديد من الن', '2017-04-11 21:23:50', '0000-00-00 00:00:00'),
(74, 63, 1, 'هذا النص هو مثال لنص يمكن أن يستبدل في نفس المساحة، لقد تم توليد هذا النص من مولد النص العربى، حيث يمكنك أن تولد مثل هذا النص أو العديد من الن', '2017-04-11 21:23:50', '0000-00-00 00:00:00'),
(75, 63, 1, 'هذا النص هو مثال لنص يمكن أن يستبدل في نفس المساحة، لقد تم توليد هذا النص من مولد النص العربى، حيث يمكنك أن تولد مثل هذا النص أو العديد من الن', '2017-04-11 21:23:50', '0000-00-00 00:00:00'),
(76, 63, 1, 'هذا النص هو مثال لنص يمكن أن يستبدل في نفس المساحة، لقد تم توليد هذا النص من مولد النص العربى، حيث يمكنك أن تولد مثل هذا النص أو العديد من الن', '2017-04-11 21:23:50', '0000-00-00 00:00:00'),
(77, 63, 1, 'هذا النص هو مثال لنص يمكن أن يستبدل في نفس المساحة، لقد تم توليد هذا النص من مولد النص العربى، حيث يمكنك أن تولد مثل هذا النص أو العديد من الن', '2017-04-11 21:23:50', '0000-00-00 00:00:00'),
(78, 63, 1, 'هذا النص هو مثال لنص يمكن أن يستبدل في نفس المساحة، لقد تم توليد هذا النص من مولد النص العربى، حيث يمكنك أن تولد مثل هذا النص أو العديد من الن', '2017-04-11 21:23:50', '0000-00-00 00:00:00'),
(79, 63, 1, 'هذا النص هو مثال لنص يمكن أن يستبدل في نفس المساحة، لقد تم توليد هذا النص من مولد النص العربى، حيث يمكنك أن تولد مثل هذا النص أو العديد من الن', '2017-04-11 21:23:50', '0000-00-00 00:00:00'),
(80, 63, 1, 'هذا النص هو مثال لنص يمكن أن يستبدل في نفس المساحة، لقد تم توليد هذا النص من مولد النص العربى، حيث يمكنك أن تولد مثل هذا النص أو العديد من الن', '2017-04-11 21:23:50', '0000-00-00 00:00:00'),
(81, 63, 1, 'هذا النص هو مثال لنص يمكن أن يستبدل في نفس المساحة، لقد تم توليد هذا النص من مولد النص العربى، حيث يمكنك أن تولد مثل هذا النص أو العديد من الن', '2017-04-11 21:23:50', '0000-00-00 00:00:00'),
(82, 63, 1, 'هذا النص هو مثال لنص يمكن أن يستبدل في نفس المساحة، لقد تم توليد هذا النص من مولد النص العربى، حيث يمكنك أن تولد مثل هذا النص أو العديد من الن', '2017-04-11 21:23:50', '0000-00-00 00:00:00'),
(83, 63, 1, 'هذا النص هو مثال لنص يمكن أن يستبدل في نفس المساحة، لقد تم توليد هذا النص من مولد النص العربى، حيث يمكنك أن تولد مثل هذا النص أو العديد من الن', '2017-04-11 21:23:50', '0000-00-00 00:00:00'),
(84, 63, 1, 'هذا النص هو مثال لنص يمكن أن يستبدل في نفس المساحة، لقد تم توليد هذا النص من مولد النص العربى، حيث يمكنك أن تولد مثل هذا النص أو العديد من الن', '2017-04-11 21:23:50', '0000-00-00 00:00:00'),
(85, 63, 1, 'هذا النص هو مثال لنص يمكن أن يستبدل في نفس المساحة، لقد تم توليد هذا النص من مولد النص العربى، حيث يمكنك أن تولد مثل هذا النص أو العديد من الن', '2017-04-11 21:23:50', '0000-00-00 00:00:00'),
(86, 63, 1, 'هذا النص هو مثال لنص يمكن أن يستبدل في نفس المساحة، لقد تم توليد هذا النص من مولد النص العربى، حيث يمكنك أن تولد مثل هذا النص أو العديد من الن', '2017-04-11 21:23:50', '0000-00-00 00:00:00'),
(87, 63, 1, 'هذا النص هو مثال لنص يمكن أن يستبدل في نفس المساحة، لقد تم توليد هذا النص من مولد النص العربى، حيث يمكنك أن تولد مثل هذا النص أو العديد من الن', '2017-04-11 21:23:50', '0000-00-00 00:00:00'),
(88, 63, 1, 'هذا النص هو مثال لنص يمكن أن يستبدل في نفس المساحة، لقد تم توليد هذا النص من مولد النص العربى، حيث يمكنك أن تولد مثل هذا النص أو العديد من الن', '2017-04-11 21:23:50', '0000-00-00 00:00:00'),
(89, 63, 1, 'هذا النص هو مثال لنص يمكن أن يستبدل في نفس المساحة، لقد تم توليد هذا النص من مولد النص العربى، حيث يمكنك أن تولد مثل هذا النص أو العديد من الن', '2017-04-11 21:23:50', '0000-00-00 00:00:00'),
(90, 63, 1, 'هذا النص هو مثال لنص يمكن أن يستبدل في نفس المساحة، لقد تم توليد هذا النص من مولد النص العربى، حيث يمكنك أن تولد مثل هذا النص أو العديد من الن', '2017-04-11 21:23:50', '0000-00-00 00:00:00'),
(91, 63, 1, 'هذا النص هو مثال لنص يمكن أن يستبدل في نفس المساحة، لقد تم توليد هذا النص من مولد النص العربى، حيث يمكنك أن تولد مثل هذا النص أو العديد من الن', '2017-04-11 21:23:50', '0000-00-00 00:00:00'),
(92, 63, 1, 'هذا النص هو مثال لنص يمكن أن يستبدل في نفس المساحة، لقد تم توليد هذا النص من مولد النص العربى، حيث يمكنك أن تولد مثل هذا النص أو العديد من الن', '2017-04-11 21:23:50', '0000-00-00 00:00:00'),
(93, 63, 1, 'هذا النص هو مثال لنص يمكن أن يستبدل في نفس المساحة، لقد تم توليد هذا النص من مولد النص العربى، حيث يمكنك أن تولد مثل هذا النص أو العديد من الن', '2017-04-11 21:23:50', '0000-00-00 00:00:00'),
(94, 63, 1, 'هذا النص هو مثال لنص يمكن أن يستبدل في نفس المساحة، لقد تم توليد هذا النص من مولد النص العربى، حيث يمكنك أن تولد مثل هذا النص أو العديد من الن', '2017-04-11 21:23:50', '0000-00-00 00:00:00'),
(95, 63, 1, 'هذا النص هو مثال لنص يمكن أن يستبدل في نفس المساحة، لقد تم توليد هذا النص من مولد النص العربى، حيث يمكنك أن تولد مثل هذا النص أو العديد من الن', '2017-04-11 21:23:50', '0000-00-00 00:00:00'),
(96, 63, 1, 'هذا النص هو مثال لنص يمكن أن يستبدل في نفس المساحة، لقد تم توليد هذا النص من مولد النص العربى، حيث يمكنك أن تولد مثل هذا النص أو العديد من الن', '2017-04-11 21:23:50', '0000-00-00 00:00:00'),
(97, 63, 1, 'هذا النص هو مثال لنص يمكن أن يستبدل في نفس المساحة، لقد تم توليد هذا النص من مولد النص العربى، حيث يمكنك أن تولد مثل هذا النص أو العديد من الن', '2017-04-11 21:23:50', '0000-00-00 00:00:00'),
(98, 63, 1, 'هذا النص هو مثال لنص يمكن أن يستبدل في نفس المساحة، لقد تم توليد هذا النص من مولد النص العربى، حيث يمكنك أن تولد مثل هذا النص أو العديد من الن', '2017-04-11 21:23:50', '0000-00-00 00:00:00'),
(99, 63, 1, 'هذا النص هو مثال لنص يمكن أن يستبدل في نفس المساحة، لقد تم توليد هذا النص من مولد النص العربى، حيث يمكنك أن تولد مثل هذا النص أو العديد من الن', '2017-04-11 21:23:50', '0000-00-00 00:00:00'),
(100, 63, 1, 'هذا النص هو مثال لنص يمكن أن يستبدل في نفس المساحة، لقد تم توليد هذا النص من مولد النص العربى، حيث يمكنك أن تولد مثل هذا النص أو العديد من الن', '2017-04-11 21:23:50', '0000-00-00 00:00:00'),
(101, 63, 1, 'هذا النص هو مثال لنص يمكن أن يستبدل في نفس المساحة، لقد تم توليد هذا النص من مولد النص العربى، حيث يمكنك أن تولد مثل هذا النص أو العديد من الن', '2017-04-11 21:23:50', '0000-00-00 00:00:00'),
(102, 63, 1, 'هذا النص هو مثال لنص يمكن أن يستبدل في نفس المساحة، لقد تم توليد هذا النص من مولد النص العربى، حيث يمكنك أن تولد مثل هذا النص أو العديد من الن', '2017-04-11 21:23:50', '0000-00-00 00:00:00'),
(103, 63, 1, 'هذا النص هو مثال لنص يمكن أن يستبدل في نفس المساحة، لقد تم توليد هذا النص من مولد النص العربى، حيث يمكنك أن تولد مثل هذا النص أو العديد من الن', '2017-04-11 21:23:50', '0000-00-00 00:00:00'),
(104, 63, 1, 'هذا النص هو مثال لنص يمكن أن يستبدل في نفس المساحة، لقد تم توليد هذا النص من مولد النص العربى، حيث يمكنك أن تولد مثل هذا النص أو العديد من الن', '2017-04-11 21:23:50', '0000-00-00 00:00:00'),
(105, 63, 1, 'هذا النص هو مثال لنص يمكن أن يستبدل في نفس المساحة، لقد تم توليد هذا النص من مولد النص العربى، حيث يمكنك أن تولد مثل هذا النص أو العديد من الن', '2017-04-11 21:23:50', '0000-00-00 00:00:00'),
(106, 104, 1, 'Test', '2017-04-11 19:23:54', '2017-04-11 19:23:54'),
(107, 104, 1, 'Test1', '2017-04-11 19:24:23', '2017-04-11 19:24:23'),
(108, 104, 1, 'Test2', '2017-04-11 19:24:45', '2017-04-11 19:24:45'),
(109, 104, 1, 'Test3', '2017-04-11 19:25:28', '2017-04-11 19:25:28'),
(110, 104, 1, 'Test4', '2017-04-11 19:25:58', '2017-04-11 19:25:58'),
(111, 104, 1, 'Test5', '2017-04-11 19:26:46', '2017-04-11 19:26:46'),
(112, 104, 1, 'Test6', '2017-04-11 19:27:17', '2017-04-11 19:27:17'),
(113, 104, 1, 'Test7', '2017-04-11 19:40:04', '2017-04-11 19:40:04'),
(114, 104, 1, 'Test8', '2017-04-11 19:40:30', '2017-04-11 19:40:30'),
(115, 104, 1, 'Test9', '2017-04-11 19:41:57', '2017-04-11 19:41:57'),
(116, 104, 1, 'Test10', '2017-04-11 19:44:24', '2017-04-11 19:44:24'),
(117, 104, 1, 'Test11', '2017-04-11 19:45:04', '2017-04-11 19:45:04'),
(118, 104, 1, 'Test12', '2017-04-11 19:45:34', '2017-04-11 19:45:34'),
(119, 104, 1, 'Test13', '2017-04-11 19:46:20', '2017-04-11 19:46:20'),
(120, 104, 1, 'Test14', '2017-04-11 19:47:13', '2017-04-11 19:47:13'),
(121, 104, 1, 'Test15', '2017-04-11 19:47:32', '2017-04-11 19:47:32'),
(122, 104, 1, 'Test16', '2017-04-11 19:47:54', '2017-04-11 19:47:54'),
(123, 104, 1, 'Test17', '2017-04-11 19:48:47', '2017-04-11 19:48:47'),
(124, 104, 1, 'Test18', '2017-04-11 19:49:57', '2017-04-11 19:49:57'),
(125, 104, 1, 'Test19', '2017-04-11 19:53:18', '2017-04-11 19:53:18'),
(126, 104, 1, 'Test19', '2017-04-11 19:54:57', '2017-04-11 19:54:57'),
(127, 104, 1, 'Test19', '2017-04-11 19:55:33', '2017-04-11 19:55:33'),
(128, 104, 1, 'Test20', '2017-04-11 19:57:03', '2017-04-11 19:57:03'),
(129, 104, 1, 'Test21', '2017-04-11 20:06:51', '2017-04-11 20:06:51'),
(130, 104, 1, 'Test22', '2017-04-11 20:10:54', '2017-04-11 20:10:54'),
(131, 104, 1, 'Test23', '2017-04-11 20:11:19', '2017-04-11 20:11:19'),
(132, 104, 1, 'Test24', '2017-04-11 20:11:45', '2017-04-11 20:11:45'),
(133, 104, 1, 'Test25', '2017-04-11 20:12:04', '2017-04-11 20:12:04'),
(134, 104, 1, 'Test26', '2017-04-11 20:12:24', '2017-04-11 20:12:24'),
(135, 104, 1, 'Test27', '2017-04-11 20:12:38', '2017-04-11 20:12:38'),
(136, 104, 1, 'Test28', '2017-04-11 20:14:30', '2017-04-11 20:14:30'),
(137, 104, 1, 'Test29', '2017-04-11 20:15:25', '2017-04-11 20:15:25'),
(138, 104, 1, 'Test30', '2017-04-11 20:25:29', '2017-04-11 20:25:29'),
(139, 104, 1, 'Test31', '2017-04-11 20:51:05', '2017-04-11 20:51:05'),
(140, 104, 1, 'Test32', '2017-04-11 20:51:12', '2017-04-11 20:51:12'),
(141, 104, 1, 'Test33', '2017-04-11 20:53:31', '2017-04-11 20:53:31'),
(142, 104, 1, 'Test44', '2017-04-11 20:53:45', '2017-04-11 20:53:45'),
(143, 104, 1, 'Test55', '2017-04-11 20:57:18', '2017-04-11 20:57:18'),
(144, 104, 1, 'Test', '2017-04-11 21:00:02', '2017-04-11 21:00:02'),
(145, 104, 1, 'Test', '2017-04-11 21:02:29', '2017-04-11 21:02:29'),
(146, 104, 1, 'Test', '2017-04-11 21:05:04', '2017-04-11 21:05:04'),
(147, 104, 1, 'Test2', '2017-04-11 21:06:19', '2017-04-11 21:06:19'),
(148, 104, 1, 'Test', '2017-04-11 21:09:37', '2017-04-11 21:09:37'),
(149, 104, 1, 'Test', '2017-04-11 21:09:55', '2017-04-11 21:09:55'),
(150, 104, 1, 'Test99', '2017-04-11 21:10:44', '2017-04-11 21:10:44'),
(151, 104, 1, 'Test88', '2017-04-11 21:11:10', '2017-04-11 21:11:10'),
(152, 104, 1, 'Test77', '2017-04-11 21:11:50', '2017-04-11 21:11:50'),
(153, 104, 1, 'Test66', '2017-04-11 21:13:41', '2017-04-11 21:13:41'),
(154, 104, 1, 'Test70', '2017-04-11 21:14:06', '2017-04-11 21:14:06'),
(155, 104, 1, 'Test80', '2017-04-11 21:17:26', '2017-04-11 21:17:26'),
(156, 104, 1, 'Test90', '2017-04-11 21:17:33', '2017-04-11 21:17:33'),
(157, 104, 1, 'Test5', '2017-04-11 21:20:39', '2017-04-11 21:20:39'),
(158, 104, 1, 'Test6', '2017-04-11 21:20:56', '2017-04-11 21:20:56'),
(159, 104, 1, 'test9', '2017-04-11 21:20:59', '2017-04-11 21:20:59'),
(160, 104, 1, 'Test95', '2017-04-11 21:21:55', '2017-04-11 21:21:55'),
(161, 104, 1, 'TEST100', '2017-04-11 21:22:16', '2017-04-11 21:22:16'),
(162, 104, 1, 'TEST101', '2017-04-11 21:22:19', '2017-04-11 21:22:19'),
(163, 104, 1, 'Tesy', '2017-04-11 21:23:16', '2017-04-11 21:23:16'),
(164, 104, 1, 'nb', '2017-04-11 21:25:59', '2017-04-11 21:25:59'),
(165, 104, 1, 'q', '2017-04-11 21:26:38', '2017-04-11 21:26:38'),
(166, 104, 1, 'm', '2017-04-11 21:29:05', '2017-04-11 21:29:05'),
(167, 104, 1, 'm', '2017-04-11 21:30:16', '2017-04-11 21:30:16'),
(168, 104, 1, ',', '2017-04-11 21:31:08', '2017-04-11 21:31:08'),
(169, 104, 1, 'test90', '2017-04-11 21:31:25', '2017-04-11 21:31:25'),
(170, 104, 1, 'test100', '2017-04-11 21:31:28', '2017-04-11 21:31:28'),
(171, 104, 1, 'mostafa', '2017-04-11 21:32:06', '2017-04-11 21:32:06'),
(172, 104, 1, 'rabia', '2017-04-11 21:32:09', '2017-04-11 21:32:09'),
(173, 104, 1, 'spam', '2017-04-11 21:32:15', '2017-04-11 21:32:15'),
(174, 104, 1, 'spam', '2017-04-11 21:32:18', '2017-04-11 21:32:18'),
(175, 104, 1, 'spam', '2017-04-11 21:32:19', '2017-04-11 21:32:19'),
(176, 104, 1, 'spam', '2017-04-11 21:32:42', '2017-04-11 21:32:42'),
(177, 104, 1, 'spam', '2017-04-11 21:32:46', '2017-04-11 21:32:46'),
(178, 104, 1, 'spam', '2017-04-11 21:32:47', '2017-04-11 21:32:47'),
(179, 104, 1, 'spam', '2017-04-11 21:32:48', '2017-04-11 21:32:48'),
(180, 104, 1, '1', '2017-04-11 21:43:49', '2017-04-11 21:43:49'),
(181, 104, 1, '1', '2017-04-11 21:45:49', '2017-04-11 21:45:49'),
(182, 104, 1, '2', '2017-04-11 21:45:50', '2017-04-11 21:45:50'),
(183, 104, 1, '3', '2017-04-11 21:45:51', '2017-04-11 21:45:51'),
(184, 104, 1, '4', '2017-04-11 21:45:52', '2017-04-11 21:45:52'),
(185, 104, 1, '5', '2017-04-11 21:46:18', '2017-04-11 21:46:18'),
(186, 104, 1, '1', '2017-04-11 21:49:32', '2017-04-11 21:49:32'),
(187, 104, 1, '1', '2017-04-11 21:51:13', '2017-04-11 21:51:13'),
(188, 104, 1, '2', '2017-04-11 21:51:14', '2017-04-11 21:51:14'),
(189, 104, 1, '3', '2017-04-11 21:51:16', '2017-04-11 21:51:16'),
(190, 104, 1, '4', '2017-04-11 21:51:17', '2017-04-11 21:51:17'),
(191, 104, 1, '5', '2017-04-11 21:51:18', '2017-04-11 21:51:18'),
(192, 104, 1, '6', '2017-04-11 21:51:19', '2017-04-11 21:51:19'),
(193, 104, 1, '7', '2017-04-11 21:51:22', '2017-04-11 21:51:22'),
(194, 104, 1, '1', '2017-04-11 21:54:01', '2017-04-11 21:54:01'),
(195, 104, 1, '2', '2017-04-11 21:54:02', '2017-04-11 21:54:02'),
(196, 104, 1, '3', '2017-04-11 21:54:03', '2017-04-11 21:54:03'),
(197, 104, 1, '4', '2017-04-11 21:54:04', '2017-04-11 21:54:04'),
(198, 104, 1, '5', '2017-04-11 21:54:05', '2017-04-11 21:54:05'),
(199, 104, 1, '6', '2017-04-11 21:54:06', '2017-04-11 21:54:06'),
(200, 104, 1, '7', '2017-04-11 21:54:08', '2017-04-11 21:54:08'),
(201, 104, 1, '1', '2017-04-11 21:56:19', '2017-04-11 21:56:19'),
(202, 104, 1, '2', '2017-04-11 21:56:21', '2017-04-11 21:56:21'),
(203, 104, 1, '3', '2017-04-11 21:56:22', '2017-04-11 21:56:22'),
(204, 104, 1, '4', '2017-04-11 21:56:23', '2017-04-11 21:56:23'),
(205, 104, 1, '5', '2017-04-11 21:56:27', '2017-04-11 21:56:27'),
(206, 104, 1, '1', '2017-04-11 21:58:47', '2017-04-11 21:58:47'),
(207, 104, 1, '2', '2017-04-11 21:58:48', '2017-04-11 21:58:48'),
(208, 104, 1, '3', '2017-04-11 21:58:49', '2017-04-11 21:58:49'),
(209, 104, 1, '4', '2017-04-11 21:58:50', '2017-04-11 21:58:50'),
(210, 104, 1, '5', '2017-04-11 21:58:51', '2017-04-11 21:58:51'),
(211, 104, 1, '6', '2017-04-11 21:58:52', '2017-04-11 21:58:52'),
(212, 104, 1, '7', '2017-04-11 21:58:55', '2017-04-11 21:58:55'),
(213, 104, 1, '8', '2017-04-11 21:58:58', '2017-04-11 21:58:58'),
(214, 104, 1, '5', '2017-04-11 21:59:22', '2017-04-11 21:59:22'),
(215, 104, 1, '3', '2017-04-11 21:59:25', '2017-04-11 21:59:25'),
(216, 104, 1, '4', '2017-04-11 21:59:53', '2017-04-11 21:59:53'),
(217, 104, 1, '5', '2017-04-11 21:59:55', '2017-04-11 21:59:55'),
(218, 104, 1, '3', '2017-04-11 21:59:58', '2017-04-11 21:59:58'),
(219, 104, 1, '6', '2017-04-11 22:00:00', '2017-04-11 22:00:00'),
(220, 104, 1, '4', '2017-04-11 22:00:01', '2017-04-11 22:00:01'),
(221, 104, 1, '1', '2017-04-11 22:00:08', '2017-04-11 22:00:08'),
(222, 104, 1, '2', '2017-04-11 22:00:09', '2017-04-11 22:00:09'),
(223, 104, 1, '3', '2017-04-11 22:00:10', '2017-04-11 22:00:10'),
(224, 104, 1, '4', '2017-04-11 22:00:16', '2017-04-11 22:00:16'),
(225, 104, 1, '1', '2017-04-11 22:00:30', '2017-04-11 22:00:30'),
(226, 104, 1, '2', '2017-04-11 22:00:31', '2017-04-11 22:00:31'),
(227, 104, 1, '3', '2017-04-11 22:00:32', '2017-04-11 22:00:32'),
(228, 104, 1, '4', '2017-04-11 22:00:33', '2017-04-11 22:00:33'),
(229, 104, 1, '5', '2017-04-11 22:00:34', '2017-04-11 22:00:34'),
(230, 104, 1, '6', '2017-04-11 22:00:35', '2017-04-11 22:00:35'),
(231, 104, 1, '1', '2017-04-11 22:01:12', '2017-04-11 22:01:12'),
(232, 104, 1, '2', '2017-04-11 22:01:13', '2017-04-11 22:01:13'),
(233, 104, 1, '3', '2017-04-11 22:01:14', '2017-04-11 22:01:14'),
(234, 104, 1, '4', '2017-04-11 22:01:14', '2017-04-11 22:01:14'),
(235, 104, 1, '5', '2017-04-11 22:01:15', '2017-04-11 22:01:15'),
(236, 104, 1, '2', '2017-04-11 22:08:23', '2017-04-11 22:08:23'),
(237, 104, 1, '2', '2017-04-11 22:08:33', '2017-04-11 22:08:33'),
(238, 104, 1, '3', '2017-04-11 22:08:34', '2017-04-11 22:08:34'),
(239, 104, 1, '4', '2017-04-11 22:08:35', '2017-04-11 22:08:35'),
(240, 104, 1, '5', '2017-04-11 22:08:36', '2017-04-11 22:08:36'),
(241, 104, 1, '6', '2017-04-11 22:08:37', '2017-04-11 22:08:37'),
(242, 104, 1, '8', '2017-04-11 22:08:49', '2017-04-11 22:08:49'),
(243, 104, 1, '2', '2017-04-11 22:09:03', '2017-04-11 22:09:03'),
(244, 104, 1, '3', '2017-04-11 22:09:04', '2017-04-11 22:09:04'),
(245, 104, 1, '4', '2017-04-11 22:09:05', '2017-04-11 22:09:05'),
(246, 104, 1, '5', '2017-04-11 22:09:06', '2017-04-11 22:09:06'),
(247, 104, 1, '6', '2017-04-11 22:09:07', '2017-04-11 22:09:07'),
(248, 104, 1, '8', '2017-04-11 22:09:09', '2017-04-11 22:09:09'),
(249, 104, 1, '1', '2017-04-11 22:11:09', '2017-04-11 22:11:09'),
(250, 104, 1, '2', '2017-04-11 22:11:10', '2017-04-11 22:11:10'),
(251, 104, 1, '3', '2017-04-11 22:11:11', '2017-04-11 22:11:11'),
(252, 104, 1, '4', '2017-04-11 22:11:12', '2017-04-11 22:11:12'),
(253, 104, 1, '5', '2017-04-11 22:11:12', '2017-04-11 22:11:12'),
(254, 104, 1, '1', '2017-04-11 22:11:45', '2017-04-11 22:11:45'),
(255, 104, 1, '2', '2017-04-11 22:11:46', '2017-04-11 22:11:46'),
(256, 104, 1, '3', '2017-04-11 22:11:47', '2017-04-11 22:11:47'),
(257, 104, 1, '4', '2017-04-11 22:11:48', '2017-04-11 22:11:48'),
(258, 104, 1, '5', '2017-04-11 22:11:49', '2017-04-11 22:11:49'),
(259, 104, 1, '6', '2017-04-11 22:11:50', '2017-04-11 22:11:50'),
(260, 104, 1, '8', '2017-04-11 22:12:06', '2017-04-11 22:12:06'),
(261, 104, 1, '1', '2017-04-12 18:51:13', '2017-04-12 18:51:13'),
(262, 104, 1, '2', '2017-04-12 18:51:16', '2017-04-12 18:51:16'),
(263, 104, 1, '3', '2017-04-12 18:51:17', '2017-04-12 18:51:17'),
(264, 104, 1, '4', '2017-04-12 18:51:18', '2017-04-12 18:51:18'),
(265, 104, 1, '5', '2017-04-12 18:51:18', '2017-04-12 18:51:18'),
(266, 104, 1, '6', '2017-04-12 18:51:19', '2017-04-12 18:51:19'),
(267, 104, 1, '1', '2017-04-12 19:04:00', '2017-04-12 19:04:00'),
(268, 104, 1, '1', '2017-04-12 19:04:01', '2017-04-12 19:04:01'),
(269, 104, 1, '1', '2017-04-12 19:04:02', '2017-04-12 19:04:02'),
(270, 104, 1, '1', '2017-04-12 19:04:03', '2017-04-12 19:04:03'),
(271, 104, 1, '1', '2017-04-12 19:04:03', '2017-04-12 19:04:03'),
(272, 104, 1, '1', '2017-04-12 19:04:04', '2017-04-12 19:04:04'),
(273, 104, 1, 's', '2017-04-12 19:16:58', '2017-04-12 19:16:58'),
(274, 104, 1, '2', '2017-04-12 19:17:04', '2017-04-12 19:17:04'),
(275, 104, 1, '3', '2017-04-12 19:17:05', '2017-04-12 19:17:05'),
(276, 104, 1, '5', '2017-04-12 19:17:05', '2017-04-12 19:17:05'),
(277, 104, 1, '55', '2017-04-12 19:17:06', '2017-04-12 19:17:06'),
(278, 104, 1, '4', '2017-04-12 19:17:07', '2017-04-12 19:17:07'),
(279, 104, 1, '2', '2017-04-12 19:40:06', '2017-04-12 19:40:06'),
(280, 104, 1, '2', '2017-04-12 19:40:11', '2017-04-12 19:40:11'),
(281, 104, 1, '3', '2017-04-12 19:40:11', '2017-04-12 19:40:11'),
(282, 104, 1, '4', '2017-04-12 19:40:12', '2017-04-12 19:40:12'),
(283, 104, 1, '5', '2017-04-12 19:40:13', '2017-04-12 19:40:13'),
(284, 104, 1, '6', '2017-04-12 19:40:16', '2017-04-12 19:40:16'),
(285, 104, 1, '1', '2017-04-12 19:41:04', '2017-04-12 19:41:04'),
(286, 104, 1, '2', '2017-04-12 19:41:05', '2017-04-12 19:41:05'),
(287, 104, 1, '3', '2017-04-12 19:41:05', '2017-04-12 19:41:05'),
(288, 104, 1, '4', '2017-04-12 19:41:06', '2017-04-12 19:41:06'),
(289, 104, 1, '5', '2017-04-12 19:41:07', '2017-04-12 19:41:07'),
(290, 104, 1, '1', '2017-04-12 19:41:14', '2017-04-12 19:41:14'),
(291, 104, 1, '2', '2017-04-12 19:41:15', '2017-04-12 19:41:15'),
(292, 104, 1, '3', '2017-04-12 19:41:16', '2017-04-12 19:41:16'),
(293, 104, 1, '4', '2017-04-12 19:41:17', '2017-04-12 19:41:17'),
(294, 104, 1, '5', '2017-04-12 19:41:18', '2017-04-12 19:41:18'),
(295, 104, 1, '1', '2017-04-12 19:42:50', '2017-04-12 19:42:50'),
(296, 104, 1, '2', '2017-04-12 19:42:55', '2017-04-12 19:42:55'),
(297, 104, 1, '3', '2017-04-12 19:43:02', '2017-04-12 19:43:02'),
(298, 104, 1, '1', '2017-04-12 20:48:42', '2017-04-12 20:48:42'),
(299, 104, 1, '2', '2017-04-12 20:48:43', '2017-04-12 20:48:43'),
(300, 104, 1, '1', '2017-04-12 20:49:32', '2017-04-12 20:49:32'),
(301, 104, 1, '2', '2017-04-12 20:49:33', '2017-04-12 20:49:33'),
(302, 104, 1, '3', '2017-04-12 20:49:34', '2017-04-12 20:49:34'),
(303, 104, 1, '4', '2017-04-12 20:49:34', '2017-04-12 20:49:34'),
(304, 104, 1, '5', '2017-04-12 20:49:35', '2017-04-12 20:49:35'),
(305, 104, 1, '1', '2017-04-12 20:50:37', '2017-04-12 20:50:37'),
(306, 104, 1, '1', '2017-04-12 20:50:38', '2017-04-12 20:50:38'),
(307, 104, 1, '2', '2017-04-12 20:50:39', '2017-04-12 20:50:39'),
(308, 104, 1, '3', '2017-04-12 20:50:40', '2017-04-12 20:50:40'),
(309, 104, 1, '3', '2017-04-12 20:50:41', '2017-04-12 20:50:41'),
(310, 104, 1, '1', '2017-04-12 20:53:45', '2017-04-12 20:53:45'),
(311, 104, 1, '2', '2017-04-12 20:53:46', '2017-04-12 20:53:46'),
(312, 104, 1, '3', '2017-04-12 20:53:47', '2017-04-12 20:53:47'),
(313, 104, 1, '4', '2017-04-12 20:53:48', '2017-04-12 20:53:48'),
(314, 104, 1, '6', '2017-04-12 20:53:48', '2017-04-12 20:53:48'),
(315, 104, 1, '1', '2017-04-12 21:15:21', '2017-04-12 21:15:21'),
(316, 104, 1, '2', '2017-04-12 21:15:24', '2017-04-12 21:15:24'),
(317, 104, 1, '3', '2017-04-12 21:15:25', '2017-04-12 21:15:25'),
(318, 104, 1, '4', '2017-04-12 21:15:26', '2017-04-12 21:15:26'),
(319, 104, 1, '5', '2017-04-12 21:15:26', '2017-04-12 21:15:26'),
(320, 104, 1, '1', '2017-04-12 21:15:50', '2017-04-12 21:15:50'),
(321, 104, 1, '2', '2017-04-12 21:15:51', '2017-04-12 21:15:51'),
(322, 104, 1, '3', '2017-04-12 21:15:52', '2017-04-12 21:15:52'),
(323, 104, 1, '4', '2017-04-12 21:15:53', '2017-04-12 21:15:53'),
(324, 104, 1, '5', '2017-04-12 21:15:54', '2017-04-12 21:15:54'),
(325, 104, 1, '1', '2017-04-12 21:17:16', '2017-04-12 21:17:16'),
(326, 104, 1, '2', '2017-04-12 21:17:17', '2017-04-12 21:17:17'),
(327, 104, 1, '3', '2017-04-12 21:17:18', '2017-04-12 21:17:18'),
(328, 104, 1, '4', '2017-04-12 21:17:18', '2017-04-12 21:17:18'),
(329, 104, 1, '5', '2017-04-12 21:17:19', '2017-04-12 21:17:19'),
(330, 104, 1, '5', '2017-04-12 21:17:33', '2017-04-12 21:17:33'),
(331, 104, 1, '21', '2017-04-12 21:17:56', '2017-04-12 21:17:56'),
(332, 104, 1, '54', '2017-04-12 21:17:57', '2017-04-12 21:17:57'),
(333, 104, 1, '74', '2017-04-12 21:17:59', '2017-04-12 21:17:59'),
(334, 104, 1, '4', '2017-04-12 21:18:00', '2017-04-12 21:18:00'),
(335, 104, 1, '1', '2017-04-12 21:20:10', '2017-04-12 21:20:10'),
(336, 104, 1, '2', '2017-04-12 21:20:16', '2017-04-12 21:20:16'),
(337, 104, 1, '3', '2017-04-12 21:20:17', '2017-04-12 21:20:17'),
(338, 104, 1, '4', '2017-04-12 21:20:18', '2017-04-12 21:20:18'),
(339, 104, 1, '5', '2017-04-12 21:20:19', '2017-04-12 21:20:19'),
(340, 104, 1, '1', '2017-04-12 21:21:58', '2017-04-12 21:21:58'),
(341, 104, 1, '2', '2017-04-12 21:21:59', '2017-04-12 21:21:59'),
(342, 104, 1, '3', '2017-04-12 21:22:00', '2017-04-12 21:22:00'),
(343, 104, 1, '4', '2017-04-12 21:22:00', '2017-04-12 21:22:00'),
(344, 104, 1, '5', '2017-04-12 21:22:01', '2017-04-12 21:22:01'),
(345, 104, 1, 'l', '2017-04-12 21:22:37', '2017-04-12 21:22:37'),
(346, 104, 1, '54', '2017-04-12 21:22:41', '2017-04-12 21:22:41'),
(347, 104, 1, '54', '2017-04-12 21:22:42', '2017-04-12 21:22:42'),
(348, 104, 1, '54', '2017-04-12 21:22:43', '2017-04-12 21:22:43'),
(349, 104, 1, '4', '2017-04-12 21:22:44', '2017-04-12 21:22:44'),
(350, 104, 1, '1', '2017-04-12 21:23:30', '2017-04-12 21:23:30'),
(351, 104, 1, '2', '2017-04-12 21:23:31', '2017-04-12 21:23:31'),
(352, 104, 1, '3', '2017-04-12 21:23:31', '2017-04-12 21:23:31'),
(353, 104, 1, '4', '2017-04-12 21:23:32', '2017-04-12 21:23:32'),
(354, 104, 1, '5', '2017-04-12 21:23:33', '2017-04-12 21:23:33'),
(355, 104, 1, '1', '2017-04-12 21:24:55', '2017-04-12 21:24:55'),
(356, 104, 1, '1', '2017-04-12 21:29:29', '2017-04-12 21:29:29'),
(357, 104, 1, '2', '2017-04-12 21:29:30', '2017-04-12 21:29:30'),
(358, 104, 1, '3', '2017-04-12 21:29:31', '2017-04-12 21:29:31'),
(359, 104, 1, '4', '2017-04-12 21:29:31', '2017-04-12 21:29:31'),
(360, 104, 1, '5', '2017-04-12 21:30:03', '2017-04-12 21:30:03'),
(361, 104, 1, '5', '2017-04-12 21:30:09', '2017-04-12 21:30:09'),
(362, 104, 1, '1', '2017-04-13 02:38:04', '2017-04-13 02:38:04'),
(363, 104, 1, '2', '2017-04-13 02:38:06', '2017-04-13 02:38:06'),
(364, 104, 1, '5', '2017-04-13 02:38:17', '2017-04-13 02:38:17'),
(365, 104, 1, '6', '2017-04-13 02:38:20', '2017-04-13 02:38:20'),
(366, 104, 1, '4', '2017-04-13 02:38:22', '2017-04-13 02:38:22'),
(367, 104, 1, '1', '2017-04-13 02:43:02', '2017-04-13 02:43:02'),
(368, 104, 1, '2', '2017-04-13 02:43:03', '2017-04-13 02:43:03'),
(369, 104, 1, '3', '2017-04-13 02:43:04', '2017-04-13 02:43:04'),
(370, 104, 1, '4', '2017-04-13 02:43:05', '2017-04-13 02:43:05'),
(371, 104, 1, '5', '2017-04-13 02:43:07', '2017-04-13 02:43:07'),
(372, 104, 1, '1', '2017-04-13 02:43:35', '2017-04-13 02:43:35'),
(373, 103, 1, '1', '2017-04-13 02:43:44', '2017-04-13 02:43:44'),
(374, 104, 1, '1', '2017-04-13 03:07:06', '2017-04-13 03:07:06'),
(375, 104, 1, '2', '2017-04-13 03:07:07', '2017-04-13 03:07:07'),
(376, 104, 1, '3', '2017-04-13 03:07:15', '2017-04-13 03:07:15'),
(377, 104, 1, '4', '2017-04-13 03:07:37', '2017-04-13 03:07:37'),
(378, 104, 1, '2', '2017-04-13 03:07:41', '2017-04-13 03:07:41'),
(379, 104, 1, '3', '2017-04-13 03:07:42', '2017-04-13 03:07:42'),
(380, 104, 1, '4', '2017-04-13 03:07:43', '2017-04-13 03:07:43'),
(381, 104, 1, '5', '2017-04-13 03:07:44', '2017-04-13 03:07:44'),
(382, 104, 1, '2', '2017-04-13 03:09:55', '2017-04-13 03:09:55'),
(383, 104, 1, '1', '2017-04-13 03:10:03', '2017-04-13 03:10:03'),
(384, 104, 1, '2', '2017-04-13 03:10:09', '2017-04-13 03:10:09'),
(385, 104, 1, '5', '2017-04-13 03:11:39', '2017-04-13 03:11:39'),
(386, 104, 1, 'f', '2017-04-13 03:11:42', '2017-04-13 03:11:42'),
(387, 104, 1, 'mostafa', '2017-04-13 03:11:46', '2017-04-13 03:11:46'),
(388, 104, 1, 'sda', '2017-04-13 03:11:59', '2017-04-13 03:11:59'),
(389, 104, 1, 'zx', '2017-04-13 03:12:04', '2017-04-13 03:12:04'),
(390, 104, 1, 'asd', '2017-04-13 03:12:34', '2017-04-13 03:12:34'),
(391, 104, 1, 's', '2017-04-13 03:12:43', '2017-04-13 03:12:43'),
(392, 104, 1, '2', '2017-04-13 03:13:23', '2017-04-13 03:13:23'),
(393, 104, 1, 'zx', '2017-04-13 03:13:34', '2017-04-13 03:13:34'),
(394, 104, 1, 's', '2017-04-13 03:13:51', '2017-04-13 03:13:51'),
(395, 104, 1, 's', '2017-04-13 03:14:16', '2017-04-13 03:14:16'),
(396, 104, 1, 'a', '2017-04-13 03:14:26', '2017-04-13 03:14:26'),
(397, 104, 1, '3', '2017-04-13 03:14:53', '2017-04-13 03:14:53'),
(398, 104, 1, 'f', '2017-04-13 03:15:05', '2017-04-13 03:15:05'),
(399, 104, 1, 's', '2017-04-13 03:15:13', '2017-04-13 03:15:13'),
(400, 104, 1, 'a', '2017-04-13 03:15:28', '2017-04-13 03:15:28'),
(401, 104, 1, 'bn', '2017-04-13 03:15:39', '2017-04-13 03:15:39'),
(402, 104, 1, 's', '2017-04-13 03:16:44', '2017-04-13 03:16:44'),
(403, 104, 1, 'asd', '2017-04-13 03:16:56', '2017-04-13 03:16:56'),
(404, 104, 1, 'asd', '2017-04-13 03:17:21', '2017-04-13 03:17:21'),
(405, 104, 1, 'asd', '2017-04-13 03:18:04', '2017-04-13 03:18:04'),
(406, 104, 1, 'asd', '2017-04-13 03:18:11', '2017-04-13 03:18:11'),
(407, 104, 1, 's', '2017-04-13 03:18:19', '2017-04-13 03:18:19'),
(408, 104, 1, 'asd', '2017-04-13 03:18:37', '2017-04-13 03:18:37'),
(409, 104, 1, 's', '2017-04-13 03:18:47', '2017-04-13 03:18:47'),
(410, 104, 1, 'sad', '2017-04-13 03:18:53', '2017-04-13 03:18:53'),
(411, 104, 1, 'zx', '2017-04-13 03:19:07', '2017-04-13 03:19:07'),
(412, 104, 1, 'asd', '2017-04-13 03:19:21', '2017-04-13 03:19:21'),
(413, 104, 1, 'sa', '2017-04-13 03:19:26', '2017-04-13 03:19:26'),
(414, 104, 1, 'sad', '2017-04-13 03:19:39', '2017-04-13 03:19:39'),
(415, 104, 1, 'asd', '2017-04-13 03:20:08', '2017-04-13 03:20:08'),
(416, 104, 1, 'asd', '2017-04-13 03:20:17', '2017-04-13 03:20:17'),
(417, 104, 1, 'sad', '2017-04-13 03:20:22', '2017-04-13 03:20:22'),
(418, 104, 1, 'asd', '2017-04-13 03:20:29', '2017-04-13 03:20:29'),
(419, 104, 1, 'sad', '2017-04-13 03:20:41', '2017-04-13 03:20:41'),
(420, 104, 1, 'asd', '2017-04-13 03:20:56', '2017-04-13 03:20:56'),
(421, 104, 1, 'asd', '2017-04-13 03:21:18', '2017-04-13 03:21:18'),
(422, 104, 1, 'xzc', '2017-04-13 03:21:33', '2017-04-13 03:21:33'),
(423, 104, 1, 'qwe', '2017-04-13 03:21:37', '2017-04-13 03:21:37'),
(424, 104, 1, 'dasd', '2017-04-13 03:23:21', '2017-04-13 03:23:21'),
(425, 104, 1, '/', '2017-04-13 03:24:23', '2017-04-13 03:24:23'),
(426, 104, 1, 'sad', '2017-04-13 03:26:51', '2017-04-13 03:26:51'),
(427, 104, 1, 'khgk', '2017-04-13 03:26:55', '2017-04-13 03:26:55'),
(428, 104, 1, 'asd', '2017-04-13 03:27:07', '2017-04-13 03:27:07'),
(429, 104, 1, 'i', '2017-04-13 03:27:11', '2017-04-13 03:27:11'),
(430, 104, 1, 'p', '2017-04-13 03:27:14', '2017-04-13 03:27:14'),
(431, 104, 1, 'asd', '2017-04-13 03:27:33', '2017-04-13 03:27:33'),
(432, 104, 1, 'asd', '2017-04-13 03:27:33', '2017-04-13 03:27:33'),
(433, 104, 1, 'sda', '2017-04-13 03:27:42', '2017-04-13 03:27:42'),
(434, 104, 1, 'sad', '2017-04-13 03:28:14', '2017-04-13 03:28:14'),
(435, 104, 1, 'asd', '2017-04-13 03:28:27', '2017-04-13 03:28:27'),
(436, 104, 1, '\\k', '2017-04-13 03:28:39', '2017-04-13 03:28:39'),
(437, 104, 1, 'asd', '2017-04-13 03:28:47', '2017-04-13 03:28:47'),
(438, 104, 1, 'kl;', '2017-04-13 03:28:52', '2017-04-13 03:28:52'),
(439, 104, 1, 'asd', '2017-04-13 03:29:06', '2017-04-13 03:29:06'),
(440, 104, 1, 'k', '2017-04-13 03:29:09', '2017-04-13 03:29:09'),
(441, 104, 1, 's', '2017-04-13 03:29:34', '2017-04-13 03:29:34'),
(442, 104, 1, 'z', '2017-04-13 03:29:40', '2017-04-13 03:29:40'),
(443, 104, 1, 'sad', '2017-04-13 03:29:55', '2017-04-13 03:29:55'),
(444, 104, 1, 'l;''', '2017-04-13 03:29:59', '2017-04-13 03:29:59'),
(445, 104, 1, '/.', '2017-04-13 03:30:02', '2017-04-13 03:30:02'),
(446, 104, 1, 'qwe', '2017-04-13 03:30:10', '2017-04-13 03:30:10'),
(447, 104, 1, 'zxc', '2017-04-13 03:30:16', '2017-04-13 03:30:16'),
(448, 104, 1, 'zxc', '2017-04-13 03:30:17', '2017-04-13 03:30:17'),
(449, 104, 1, 'wqe', '2017-04-13 03:30:39', '2017-04-13 03:30:39'),
(450, 104, 1, 'zc', '2017-04-13 03:30:44', '2017-04-13 03:30:44'),
(451, 104, 1, 'sad\\', '2017-04-13 03:32:43', '2017-04-13 03:32:43'),
(452, 104, 1, 'asd', '2017-04-13 03:32:51', '2017-04-13 03:32:51'),
(453, 104, 1, 'z', '2017-04-13 03:32:55', '2017-04-13 03:32:55'),
(454, 104, 1, '1', '2017-04-13 03:33:08', '2017-04-13 03:33:08'),
(455, 104, 1, 'z', '2017-04-13 03:33:14', '2017-04-13 03:33:14'),
(456, 104, 1, 'asd', '2017-04-13 03:33:31', '2017-04-13 03:33:31'),
(457, 104, 1, 'mostafa', '2017-04-13 03:33:36', '2017-04-13 03:33:36'),
(458, 104, 1, 'xcz', '2017-04-13 03:33:39', '2017-04-13 03:33:39'),
(459, 104, 1, 'qwe', '2017-04-13 03:33:43', '2017-04-13 03:33:43'),
(460, 104, 1, 'asd', '2017-04-13 03:34:27', '2017-04-13 03:34:27'),
(461, 104, 1, 'asd', '2017-04-13 03:34:32', '2017-04-13 03:34:32'),
(462, 104, 1, 'asd', '2017-04-13 03:34:55', '2017-04-13 03:34:55'),
(463, 104, 1, 'asd', '2017-04-13 03:35:34', '2017-04-13 03:35:34'),
(464, 104, 1, 'asd', '2017-04-13 03:35:57', '2017-04-13 03:35:57'),
(465, 104, 1, 'sad', '2017-04-13 03:36:24', '2017-04-13 03:36:24'),
(466, 104, 1, 'asd', '2017-04-13 03:36:39', '2017-04-13 03:36:39'),
(467, 104, 1, 'asd', '2017-04-13 03:37:01', '2017-04-13 03:37:01'),
(468, 104, 1, 'asd', '2017-04-13 03:38:09', '2017-04-13 03:38:09'),
(469, 104, 1, '1', '2017-04-13 03:38:44', '2017-04-13 03:38:44'),
(470, 104, 1, 'k', '2017-04-13 03:38:50', '2017-04-13 03:38:50'),
(471, 104, 1, 'sad', '2017-04-13 03:39:03', '2017-04-13 03:39:03'),
(472, 104, 1, 'ad', '2017-04-13 03:39:07', '2017-04-13 03:39:07'),
(473, 104, 1, 'asd', '2017-04-13 03:39:52', '2017-04-13 03:39:52'),
(474, 104, 1, ',m.', '2017-04-13 03:39:59', '2017-04-13 03:39:59'),
(475, 104, 1, 'wer', '2017-04-13 03:40:05', '2017-04-13 03:40:05'),
(476, 104, 1, 'asd', '2017-04-13 03:40:19', '2017-04-13 03:40:19'),
(477, 104, 1, 'l;\\', '2017-04-13 03:40:26', '2017-04-13 03:40:26'),
(478, 104, 1, 'sad', '2017-04-13 03:40:36', '2017-04-13 03:40:36'),
(479, 104, 1, 'asd', '2017-04-13 03:40:41', '2017-04-13 03:40:41'),
(480, 104, 1, 'iop', '2017-04-13 03:40:44', '2017-04-13 03:40:44'),
(481, 104, 1, '1', '2017-04-13 08:32:51', '2017-04-13 08:32:51'),
(482, 104, 1, '2', '2017-04-13 08:32:54', '2017-04-13 08:32:54'),
(483, 104, 1, 'sad', '2017-04-13 08:32:59', '2017-04-13 08:32:59'),
(484, 104, 1, '1', '2017-04-13 08:33:15', '2017-04-13 08:33:15'),
(485, 104, 1, '1', '2017-04-13 08:33:22', '2017-04-13 08:33:22'),
(486, 104, 1, '2', '2017-04-13 08:33:23', '2017-04-13 08:33:23'),
(487, 104, 1, '3', '2017-04-13 08:33:27', '2017-04-13 08:33:27'),
(488, 104, 1, '4', '2017-04-13 08:33:27', '2017-04-13 08:33:27'),
(489, 104, 1, 's', '2017-04-13 08:35:45', '2017-04-13 08:35:45'),
(490, 104, 1, '1', '2017-04-13 08:36:32', '2017-04-13 08:36:32'),
(491, 104, 1, '2', '2017-04-13 08:37:07', '2017-04-13 08:37:07'),
(492, 104, 1, '3', '2017-04-13 08:37:15', '2017-04-13 08:37:15'),
(493, 104, 1, '4', '2017-04-13 08:37:19', '2017-04-13 08:37:19'),
(494, 104, 1, '5', '2017-04-13 08:37:20', '2017-04-13 08:37:20'),
(495, 104, 1, '6', '2017-04-13 08:37:23', '2017-04-13 08:37:23'),
(496, 104, 1, '1', '2017-04-13 08:37:50', '2017-04-13 08:37:50'),
(497, 104, 1, '1', '2017-04-13 08:38:09', '2017-04-13 08:38:09'),
(498, 104, 1, '3', '2017-04-13 08:38:23', '2017-04-13 08:38:23'),
(499, 104, 1, '4', '2017-04-13 08:38:27', '2017-04-13 08:38:27'),
(502, 104, 1, '7', '2017-04-13 08:38:32', '2017-04-13 08:38:32'),
(503, 104, 1, '5', '2017-04-13 08:39:48', '2017-04-13 08:39:48'),
(504, 104, 1, '5', '2017-04-13 08:39:52', '2017-04-13 08:39:52'),
(505, 100, 1, 'Mostafa', '2017-04-13 08:40:20', '2017-04-13 08:40:20'),
(506, 100, 1, 'ش', '2017-04-13 08:42:04', '2017-04-13 08:42:04'),
(507, 100, 1, '2', '2017-04-13 08:42:20', '2017-04-13 08:42:20'),
(508, 100, 1, 'k', '2017-04-13 08:42:31', '2017-04-13 08:42:31'),
(509, 100, 1, 'm', '2017-04-13 08:42:41', '2017-04-13 08:42:41'),
(510, 100, 1, 'op]', '2017-04-13 08:42:49', '2017-04-13 08:42:49'),
(511, 100, 1, 'a', '2017-04-13 08:43:23', '2017-04-13 08:43:23'),
(512, 100, 1, 'asd', '2017-04-13 08:43:33', '2017-04-13 08:43:33'),
(513, 100, 1, 'qwe', '2017-04-13 08:43:34', '2017-04-13 08:43:34'),
(514, 100, 1, 'zxc', '2017-04-13 08:43:34', '2017-04-13 08:43:34'),
(515, 100, 1, 'qwe', '2017-04-13 08:43:35', '2017-04-13 08:43:35'),
(516, 100, 1, 'qwe', '2017-04-13 08:44:14', '2017-04-13 08:44:14'),
(517, 100, 1, 'asd', '2017-04-13 08:44:18', '2017-04-13 08:44:18'),
(518, 100, 1, '30', '2017-04-13 08:44:31', '2017-04-13 08:44:31'),
(519, 100, 1, '50', '2017-04-13 08:44:38', '2017-04-13 08:44:38'),
(520, 100, 1, '90', '2017-04-13 08:44:45', '2017-04-13 08:44:45'),
(521, 100, 1, '100', '2017-04-13 08:44:49', '2017-04-13 08:44:49'),
(522, 100, 1, 'a', '2017-04-13 08:45:32', '2017-04-13 08:45:32'),
(523, 98, 1, 'asd', '2017-04-13 08:47:01', '2017-04-13 08:47:01'),
(524, 98, 1, 'qwe', '2017-04-13 08:47:16', '2017-04-13 08:47:16'),
(525, 98, 1, 'qwe', '2017-04-13 08:49:45', '2017-04-13 08:49:45'),
(526, 98, 1, 'wqe', '2017-04-13 08:49:49', '2017-04-13 08:49:49'),
(527, 98, 1, 'asd', '2017-04-13 08:49:53', '2017-04-13 08:49:53'),
(528, 98, 1, 'xzc', '2017-04-13 08:50:13', '2017-04-13 08:50:13'),
(529, 98, 1, 'l', '2017-04-13 08:50:28', '2017-04-13 08:50:28'),
(530, 98, 1, 'zxc', '2017-04-13 08:50:41', '2017-04-13 08:50:41'),
(531, 98, 1, 'sad', '2017-04-13 08:50:48', '2017-04-13 08:50:48'),
(532, 98, 1, 'asd', '2017-04-13 08:50:53', '2017-04-13 08:50:53'),
(533, 98, 1, 'asd', '2017-04-13 08:51:15', '2017-04-13 08:51:15'),
(534, 98, 1, 'wqe', '2017-04-13 08:51:23', '2017-04-13 08:51:23'),
(535, 98, 1, 'l', '2017-04-13 08:52:15', '2017-04-13 08:52:15'),
(536, 98, 1, 'asd', '2017-04-13 08:52:38', '2017-04-13 08:52:38'),
(537, 98, 1, 'qwe', '2017-04-13 08:52:41', '2017-04-13 08:52:41'),
(538, 98, 1, 'we', '2017-04-13 08:52:42', '2017-04-13 08:52:42'),
(539, 98, 1, 'we', '2017-04-13 08:52:43', '2017-04-13 08:52:43'),
(540, 98, 1, 'asd]', '2017-04-13 08:55:14', '2017-04-13 08:55:14'),
(541, 98, 1, 'asd', '2017-04-13 08:57:16', '2017-04-13 08:57:16'),
(542, 98, 1, 'sad', '2017-04-13 09:12:36', '2017-04-13 09:12:36'),
(543, 102, 1, 'mostafa', '2017-04-13 09:12:55', '2017-04-13 09:12:55'),
(544, 102, 1, 'asd', '2017-04-13 09:13:04', '2017-04-13 09:13:04'),
(545, 102, 1, 'wqe', '2017-04-13 09:13:05', '2017-04-13 09:13:05'),
(546, 102, 1, 'qe', '2017-04-13 09:13:06', '2017-04-13 09:13:06'),
(547, 102, 1, 'qe', '2017-04-13 09:13:07', '2017-04-13 09:13:07'),
(548, 102, 1, '1', '2017-04-13 14:02:37', '2017-04-13 14:02:37'),
(549, 102, 1, '2', '2017-04-13 14:02:38', '2017-04-13 14:02:38'),
(550, 102, 1, '3', '2017-04-13 14:02:40', '2017-04-13 14:02:40'),
(551, 102, 1, '4', '2017-04-13 14:02:41', '2017-04-13 14:02:41'),
(552, 102, 1, '5', '2017-04-13 14:02:45', '2017-04-13 14:02:45'),
(553, 98, 1, '2', '2017-04-13 14:02:53', '2017-04-13 14:02:53'),
(554, 98, 1, '1', '2017-04-13 14:02:55', '2017-04-13 14:02:55'),
(555, 98, 1, '1', '2017-04-13 14:02:56', '2017-04-13 14:02:56'),
(556, 98, 1, '5', '2017-04-13 14:02:57', '2017-04-13 14:02:57'),
(557, 98, 1, '4', '2017-04-13 14:02:58', '2017-04-13 14:02:58');
INSERT INTO `comments` (`id`, `post_id`, `user_id`, `comment`, `updated_at`, `created_at`) VALUES
(558, 102, 1, '12', '2017-04-13 14:05:03', '2017-04-13 14:05:03'),
(559, 102, 1, '5', '2017-04-13 14:05:21', '2017-04-13 14:05:21'),
(560, 102, 1, '1', '2017-04-13 14:05:23', '2017-04-13 14:05:23'),
(561, 102, 1, '4', '2017-04-13 14:05:25', '2017-04-13 14:05:25'),
(562, 98, 1, '1', '2017-04-13 14:05:28', '2017-04-13 14:05:28'),
(563, 102, 1, 'q', '2017-04-13 14:06:12', '2017-04-13 14:06:12'),
(564, 102, 1, 'l', '2017-04-13 14:06:15', '2017-04-13 14:06:15'),
(565, 102, 1, 'qwe', '2017-04-13 14:06:16', '2017-04-13 14:06:16'),
(566, 102, 1, 'sad', '2017-04-13 14:06:17', '2017-04-13 14:06:17'),
(567, 102, 1, 'asd', '2017-04-13 14:06:18', '2017-04-13 14:06:18'),
(568, 104, 1, 'mostafa', '2017-04-13 15:28:26', '2017-04-13 15:28:26'),
(569, 104, 1, 'rabia', '2017-04-13 15:28:28', '2017-04-13 15:28:28'),
(570, 104, 1, 'welcom', '2017-04-13 15:28:30', '2017-04-13 15:28:30'),
(571, 104, 1, 'e', '2017-04-13 15:28:31', '2017-04-13 15:28:31'),
(572, 104, 1, 'hi', '2017-04-13 15:28:32', '2017-04-13 15:28:32'),
(573, 104, 1, 'Mostafa\nrabia', '2017-04-13 15:36:05', '2017-04-13 15:36:05'),
(574, 104, 1, 'Mostafa\nrabia', '2017-04-13 15:36:47', '2017-04-13 15:36:47'),
(575, 104, 1, 'م', '2017-04-13 16:58:32', '2017-04-13 16:58:32'),
(576, 104, 1, 'Mostafa', '2017-04-13 17:29:38', '2017-04-13 17:29:38'),
(577, 104, 1, 'adasdasdas', '2017-04-13 17:33:06', '2017-04-13 17:33:06'),
(578, 104, 1, 'dasdas', '2017-04-13 17:33:26', '2017-04-13 17:33:26'),
(579, 104, 1, 'sadsadas', '2017-04-13 17:36:29', '2017-04-13 17:36:29'),
(580, 104, 1, 'asd', '2017-04-13 17:49:31', '2017-04-13 17:49:31'),
(581, 104, 1, 'asd', '2017-04-13 18:02:14', '2017-04-13 18:02:14'),
(582, 104, 1, 'asd', '2017-04-13 18:02:39', '2017-04-13 18:02:39'),
(583, 104, 1, 'zxc', '2017-04-13 18:02:46', '2017-04-13 18:02:46'),
(584, 104, 1, '5', '2017-04-13 18:02:49', '2017-04-13 18:02:49'),
(585, 104, 1, '9', '2017-04-13 18:03:25', '2017-04-13 18:03:25'),
(586, 104, 1, 'asd', '2017-04-13 18:04:15', '2017-04-13 18:04:15'),
(587, 104, 1, 's', '2017-04-13 18:04:37', '2017-04-13 18:04:37'),
(588, 104, 1, 'qwe', '2017-04-13 18:05:18', '2017-04-13 18:05:18'),
(589, 104, 1, 'sd', '2017-04-13 18:06:12', '2017-04-13 18:06:12'),
(590, 104, 1, 'sad', '2017-04-13 18:06:25', '2017-04-13 18:06:25'),
(591, 104, 1, 'asd', '2017-04-13 18:06:41', '2017-04-13 18:06:41'),
(592, 104, 1, 'sad', '2017-04-13 18:06:52', '2017-04-13 18:06:52'),
(593, 104, 1, 'sad', '2017-04-13 18:07:15', '2017-04-13 18:07:15'),
(594, 104, 1, ',pstafda', '2017-04-13 18:07:36', '2017-04-13 18:07:36'),
(595, 104, 1, 'جزاك الله كل خير لكن عندي تعقيب علي كلام حضرتك <br>', '2017-04-13 18:08:10', '2017-04-13 18:08:10'),
(596, 104, 1, 'ضصث', '2017-04-13 18:11:50', '2017-04-13 18:11:50'),
(597, 104, 1, 'asd', '2017-04-13 18:12:37', '2017-04-13 18:12:37'),
(598, 104, 1, 'مصطفي\nربيع', '2017-04-13 21:52:49', '2017-04-13 21:52:49'),
(599, 104, 1, 'مصطفي\nربيع', '2017-04-13 21:53:28', '2017-04-13 21:53:28'),
(600, 104, 1, 'mostafa<br>rabia', '2017-04-13 21:53:53', '2017-04-13 21:53:53'),
(601, 104, 1, 'mostafa &nbsp;', '2017-04-13 21:55:16', '2017-04-13 21:55:16'),
(602, 104, 1, 'mostafa &nbsp; rabia', '2017-04-13 21:55:24', '2017-04-13 21:55:24'),
(603, 104, 1, 'mostafa<br>\nrabia', '2017-04-13 21:55:49', '2017-04-13 21:55:49'),
(604, 104, 1, 'mostafa\nrabia', '2017-04-13 21:57:30', '2017-04-13 21:57:30'),
(605, 104, 1, 'adsad\nsadsad\nsadadsa', '2017-04-13 22:02:08', '2017-04-13 22:02:08'),
(606, 104, 1, 'asdasd<br>\nsadasdas<br>\nasdasdas<br>', '2017-04-13 22:02:25', '2017-04-13 22:02:25'),
(607, 104, 1, '<p><p>asdasd</p>dsadsadas</p>', '2017-04-13 22:05:03', '2017-04-13 22:05:03'),
(608, 104, 1, 'mostafa<br>\nrabia', '2017-04-14 09:24:55', '2017-04-14 09:24:55'),
(609, 104, 1, 'sad', '2017-04-14 10:11:01', '2017-04-14 10:11:01'),
(610, 104, 1, 'sad<br>', '2017-04-14 10:13:18', '2017-04-14 10:13:18'),
(611, 104, 1, 'sad', '2017-04-14 10:14:50', '2017-04-14 10:14:50'),
(612, 104, 1, 'asd', '2017-04-14 10:15:18', '2017-04-14 10:15:18'),
(613, 104, 1, 'asd', '2017-04-14 10:15:21', '2017-04-14 10:15:21'),
(614, 104, 1, 'سيشسيسش<br>\nشسيسشيسش<br>\ndsadasdsa<br>\ndsadsa<br>\nشيسيسشيسش<br>\nسشيasdasdasسشيشسيسش <br>\nsadsadsa مصطفي asdsadas مصطفي ربيع<br>\nمصطفي rabia mostafa', '2017-04-14 10:38:36', '2017-04-14 10:38:36'),
(615, 104, 1, '<h1>WELCOME</h1>', '2017-04-14 10:39:21', '2017-04-14 10:39:21'),
(616, 104, 1, '<font color=''red''><h1>Welcome</h1></font>\\', '2017-04-14 10:39:43', '2017-04-14 10:39:43'),
(617, 104, 1, '<font color="red"><h1>Welcome</h1></font><br>\nسلام عليكم', '2017-04-14 10:40:11', '2017-04-14 10:40:11'),
(618, 104, 1, '<h1>Mostafa Rabia Abdlatif Abdlftah Abdelnaby Elsaid Ahmed</h1>', '2017-04-14 10:40:54', '2017-04-14 10:40:54'),
(619, 104, 1, 'Mostafa Rabia Abdlatif Abdlftah Abdelnaby Elsaid Ahmed\nMostafa Rabia Abdlatif Abdlftah Abdelnaby Elsaid Ahmed\nMostafa Rabia Abdlatif Abdlftah Abdelnaby Elsaid Ahmed\nMostafa Rabia Abdlatif Abdlftah Abdelnaby Elsaid Ahmed\nMostafa Rabia Abdlatif Abdlftah Abdelnaby Elsaid Ahmed\nMostafa Rabia Abdlatif Abdlftah Abdelnaby Elsaid Ahmed\nMostafa Rabia Abdlatif Abdlftah Abdelnaby Elsaid Ahmed\nMostafa Rabia Abdlatif Abdlftah Abdelnaby Elsaid Ahmed\nMostafa Rabia Abdlatif Abdlftah Abdelnaby Elsaid Ahmed\nMosta', '2017-04-14 10:42:21', '2017-04-14 10:42:21'),
(620, 104, 1, 'Mostafa Rabia Abdlatif Abdlftah Abdelnaby Elsaid Ahmed Mostafa Rabia Abdlatif Abdlftah Abdelnaby Elsaid Ahmed Mostafa Rabia Abdlatif Abdlftah Abdelnaby Elsaid Ahmed Mostafa Rabia Abdlatif Abdlftah Abdelnaby Elsaid Ahmed Mostafa Rabia Abdlatif Abdlftah Abdelnaby Elsaid Ahmed Mostafa Rabia Abdlatif Abdlftah Abdelnaby Elsaid Ahmed Mostafa Rabia Abdlatif Abdlftah Abdelnaby Elsaid Ahmed Mostafa Rabia Abdlatif Abdlftah Abdelnaby Elsaid Ahmed Mostafa Rabia Abdlatif Abdlftah Abdelnaby Elsaid Ahmed Mosta', '2017-04-14 10:42:58', '2017-04-14 10:42:58'),
(621, 104, 1, 'Mostafa Rabia Abdlatif Abdlftah Abdelnaby Elsaid Ahmed Mostafa Rabia Abdlatif Abdlftah Abdelnaby Elsaid Ahmed Mostafa Rabia Abdlatif Abdlftah Abdelnaby Elsaid Ahmed Mostafa Rabia Abdlatif Abdlftah Abdelnaby Elsaid Ahmed Mostafa Rabia Abdlatif Abdlftah Abdelnaby Elsaid Ahmed Mostafa Rabia Abdlatif Abdlftah Abdelnaby Elsaid Ahmed Mostafa Rabia Abdlatif Abdlftah Abdelnaby Elsaid Ahmed Mostafa Rabia Abdlatif Abdlftah Abdelnaby Elsaid Ahmed Mostafa Rabia Abdlatif Abdlftah Abdelnaby Elsaid Ahmed Mosta', '2017-04-14 10:44:19', '2017-04-14 10:44:19'),
(622, 104, 1, 'Mostafa Rabia Abdlatif Abdlftah Abdelnaby Elsaid Ahmed Mostafa Rabia Abdlatif Abdlftah Abdelnaby Elsaid Ahmed Mostafa Rabia Abdlatif Abdlftah Abdelnaby Elsaid Ahmed Mostafa Rabia Abdlatif Abdlftah Abdelnaby Elsaid Ahmed Mostafa Rabia Abdlatif Abdlftah Abdelnaby Elsaid Ahmed Mostafa Rabia Abdlatif Abdlftah Abdelnaby Elsaid Ahmed Mostafa Rabia Abdlatif Abdlftah Abdelnaby Elsaid Ahmed Mostafa Rabia Abdlatif Abdlftah Abdelnaby Elsaid Ahmed Mostafa Rabia Abdlatif Abdlftah Abdelnaby Elsaid Ahmed Mosta', '2017-04-14 10:46:08', '2017-04-14 10:46:08'),
(623, 104, 1, 'Mostafa Rabia Abdlatif Abdlftah Abdelnaby Elsaid Ahmed Mostafa Rabia Abdlatif Abdlftah Abdelnaby Elsaid Ahmed Mostafa Rabia Abdlatif Abdlftah Abdelnaby Elsaid Ahmed Mostafa Rabia Abdlatif Abdlftah Abdelnaby Elsaid Ahmed Mostafa Rabia Abdlatif Abdlftah Abdelnaby Elsaid Ahmed Mostafa Rabia Abdlatif Abdlftah Abdelnaby Elsaid Ahmed Mostafa Rabia Abdlatif Abdlftah Abdelnaby Elsaid Ahmed Mostafa Rabia Abdlatif Abdlftah Abdelnaby Elsaid Ahmed Mostafa Rabia Abdlatif Abdlftah Abdelnaby Elsaid Ahmed Mosta', '2017-04-14 10:49:43', '2017-04-14 10:49:43'),
(624, 104, 1, 'Mostafa Rabia Abdlatif Abdlftah Abdelnaby Elsaid Ahmed Mostafa Rabia Abdlatif Abdlftah Abdelnaby Elsaid Ahmed Mostafa Rabia Abdlatif Abdlftah Abdelnaby Elsaid Ahmed Mostafa Rabia Abdlatif Abdlftah Abdelnaby Elsaid Ahmed Mostafa Rabia Abdlatif Abdlftah Abdelnaby Elsaid Ahmed Mostafa Rabia Abdlatif Abdlftah Abdelnaby Elsaid Ahmed Mostafa Rabia Abdlatif Abdlftah Abdelnaby Elsaid Ahmed Mostafa Rabia Abdlatif Abdlftah Abdelnaby Elsaid Ahmed Mostafa Rabia Abdlatif Abdlftah Abdelnaby Elsaid Ahmed Mosta', '2017-04-14 10:51:27', '2017-04-14 10:51:27'),
(625, 104, 1, 'Mostafa Rabia Abdlatif Abdlftah Abdelnaby Elsaid Ahmed Mostafa Rabia Abdlatif Abdlftah Abdelnaby Elsaid Ahmed Mostafa Rabia Abdlatif Abdlftah Abdelnaby Elsaid Ahmed Mostafa Rabia Abdlatif Abdlftah Abdelnaby Elsaid Ahmed Mostafa Rabia Abdlatif Abdlftah Abdelnaby Elsaid Ahmed Mostafa Rabia Abdlatif Abdlftah Abdelnaby Elsaid Ahmed Mostafa Rabia Abdlatif Abdlftah Abdelnaby Elsaid Ahmed Mostafa Rabia Abdlatif Abdlftah Abdelnaby Elsaid Ahmed Mostafa Rabia Abdlatif Abdlftah Abdelnaby Elsaid Ahmed Mosta', '2017-04-14 10:51:55', '2017-04-14 10:51:55'),
(626, 104, 1, 'Mostafa Rabia Abdlatif Abdlftah Abdelnaby Elsaid Ahmed Mostafa Rabia Abdlatif Abdlftah Abdelnaby Elsaid Ahmed Mostafa Rabia Abdlatif Abdlftah Abdelnaby Elsaid Ahmed Mostafa Rabia Abdlatif Abdlftah Abdelnaby Elsaid Ahmed Mostafa Rabia Abdlatif Abdlftah Abdelnaby Elsaid Ahmed Mostafa Rabia Abdlatif Abdlftah Abdelnaby Elsaid Ahmed Mostafa Rabia Abdlatif Abdlftah Abdelnaby Elsaid Ahmed Mostafa Rabia Abdlatif Abdlftah Abdelnaby Elsaid Ahmed Mostafa Rabia Abdlatif Abdlftah Abdelnaby Elsaid Ahmed Mosta', '2017-04-14 10:52:00', '2017-04-14 10:52:00'),
(627, 104, 1, 'Mostafa Rabia Abdlatif Abdlftah Abdelnaby Elsaid Ahmed Mostafa Rabia Abdlatif Abdlftah Abdelnaby Elsaid Ahmed Mostafa Rabia Abdlatif Abdlftah Abdelnaby Elsaid Ahmed Mostafa Rabia Abdlatif Abdlftah Abdelnaby Elsaid Ahmed Mostafa Rabia Abdlatif Abdlftah Abdelnaby Elsaid Ahmed Mostafa Rabia Abdlatif Abdlftah Abdelnaby Elsaid Ahmed Mostafa Rabia Abdlatif Abdlftah Abdelnaby Elsaid Ahmed Mostafa Rabia Abdlatif Abdlftah Abdelnaby Elsaid Ahmed Mostafa Rabia Abdlatif Abdlftah Abdelnaby Elsaid Ahmed Mosta', '2017-04-14 10:52:05', '2017-04-14 10:52:05'),
(628, 104, 1, 'Mostafa Rabia Abdlatif Abdlftah Abdelnaby Elsaid Ahmed Mostafa Rabia Abdlatif Abdlftah Abdelnaby Elsaid Ahmed Mostafa Rabia Abdlatif Abdlftah Abdelnaby Elsaid Ahmed Mostafa Rabia Abdlatif Abdlftah Abdelnaby Elsaid Ahmed Mostafa Rabia Abdlatif Abdlftah Abdelnaby Elsaid Ahmed Mostafa Rabia Abdlatif Abdlftah Abdelnaby Elsaid Ahmed Mostafa Rabia Abdlatif Abdlftah Abdelnaby Elsaid Ahmed Mostafa Rabia Abdlatif Abdlftah Abdelnaby Elsaid Ahmed Mostafa Rabia Abdlatif Abdlftah Abdelnaby Elsaid Ahmed Mosta', '2017-04-14 10:52:30', '2017-04-14 10:52:30'),
(629, 104, 1, 'Mostafa Rabia Abdlatif Abdlftah Abdelnaby Elsaid Ahmed Mostafa Rabia Abdlatif Abdlftah Abdelnaby Elsaid Ahmed Mostafa Rabia Abdlatif Abdlftah Abdelnaby Elsaid Ahmed Mostafa Rabia Abdlatif Abdlftah Abdelnaby Elsaid Ahmed Mostafa Rabia Abdlatif Abdlftah Abdelnaby Elsaid Ahmed Mostafa Rabia Abdlatif Abdlftah Abdelnaby Elsaid Ahmed Mostafa Rabia Abdlatif Abdlftah Abdelnaby Elsaid Ahmed Mostafa Rabia Abdlatif Abdlftah Abdelnaby Elsaid Ahmed Mostafa Rabia Abdlatif Abdlftah Abdelnaby Elsaid Ahmed Mosta', '2017-04-14 10:52:40', '2017-04-14 10:52:40'),
(630, 104, 1, 'Mostafa Rabia Abdlatif Abdlftah Abdelnaby Elsaid Ahmed Mostafa Rabia Abdlatif Abdlftah Abdelnaby Elsaid Ahmed Mostafa Rabia Abdlatif Abdlftah Abdelnaby Elsaid Ahmed Mostafa Rabia Abdlatif Abdlftah Abdelnaby Elsaid Ahmed Mostafa Rabia Abdlatif Abdlftah Abdelnaby Elsaid Ahmed Mostafa Rabia Abdlatif Abdlftah Abdelnaby Elsaid Ahmed Mostafa Rabia Abdlatif Abdlftah Abdelnaby Elsaid Ahmed Mostafa Rabia Abdlatif Abdlftah Abdelnaby Elsaid Ahmed Mostafa Rabia Abdlatif Abdlftah Abdelnaby Elsaid Ahmed Mosta', '2017-04-14 10:55:37', '2017-04-14 10:55:37'),
(631, 104, 1, 'Mostafa Rabia Abdlatif Abdlftah Abdelnaby Elsaid Ahmed Mostafa Rabia Abdlatif Abdlftah Abdelnaby Elsaid Ahmed Mostafa Rabia Abdlatif Abdlftah Abdelnaby Elsaid Ahmed Mostafa Rabia Abdlatif Abdlftah Abdelnaby Elsaid Ahmed Mostafa Rabia Abdlatif Abdlftah Abdelnaby Elsaid Ahmed Mostafa Rabia Abdlatif Abdlftah Abdelnaby Elsaid Ahmed Mostafa Rabia Abdlatif Abdlftah Abdelnaby Elsaid Ahmed Mostafa Rabia Abdlatif Abdlftah Abdelnaby Elsaid Ahmed Mostafa Rabia Abdlatif Abdlftah Abdelnaby Elsaid Ahmed Mosta', '2017-04-14 10:59:49', '2017-04-14 10:59:49'),
(632, 104, 1, 'Mostafa Rabia Abdlatif Abdlftah Abdelnaby Elsaid Ahmed Mostafa Rabia Abdlatif Abdlftah Abdelnaby Elsaid Ahmed Mostafa Rabia Abdlatif Abdlftah Abdelnaby Elsaid Ahmed Mostafa Rabia Abdlatif Abdlftah Abdelnaby Elsaid Ahmed Mostafa Rabia Abdlatif Abdlftah Abdelnaby Elsaid Ahmed Mostafa Rabia Abdlatif Abdlftah Abdelnaby Elsaid Ahmed Mostafa Rabia Abdlatif Abdlftah Abdelnaby Elsaid Ahmed Mostafa Rabia Abdlatif Abdlftah Abdelnaby Elsaid Ahmed Mostafa Rabia Abdlatif Abdlftah Abdelnaby Elsaid Ahmed Mosta', '2017-04-14 10:59:57', '2017-04-14 10:59:57'),
(633, 104, 1, 'Mostafa Rabia Abdlatif Abdlftah Abdelnaby Elsaid Ahmed Mostafa Rabia Abdlatif Abdlftah Abdelnaby Elsaid Ahmed Mostafa Rabia Abdlatif Abdlftah Abdelnaby Elsaid Ahmed Mostafa Rabia Abdlatif Abdlftah Abdelnaby Elsaid Ahmed Mostafa Rabia Abdlatif Abdlftah Abdelnaby Elsaid Ahmed Mostafa Rabia Abdlatif Abdlftah Abdelnaby Elsaid Ahmed Mostafa Rabia Abdlatif Abdlftah Abdelnaby Elsaid Ahmed Mostafa Rabia Abdlatif Abdlftah Abdelnaby Elsaid Ahmed Mostafa Rabia Abdlatif Abdlftah Abdelnaby Elsaid Ahmed Mosta', '2017-04-14 11:01:10', '2017-04-14 11:01:10'),
(634, 104, 1, 'Mostafa Rabia Abdlatif Abdlftah Abdelnaby Elsaid Ahmed Mostafa Rabia Abdlatif Abdlftah Abdelnaby Elsaid Ahmed Mostafa Rabia Abdlatif Abdlftah Abdelnaby Elsaid Ahmed Mostafa Rabia Abdlatif Abdlftah Abdelnaby Elsaid Ahmed Mostafa Rabia Abdlatif Abdlftah Abdelnaby Elsaid Ahmed Mostafa Rabia Abdlatif Abdlftah Abdelnaby Elsaid Ahmed Mostafa Rabia Abdlatif Abdlftah Abdelnaby Elsaid Ahmed Mostafa Rabia Abdlatif Abdlftah Abdelnaby Elsaid Ahmed Mostafa Rabia Abdlatif Abdlftah Abdelnaby Elsaid Ahmed Mosta', '2017-04-14 11:06:42', '2017-04-14 11:06:42'),
(635, 104, 1, '1', '2017-04-14 11:17:00', '2017-04-14 11:17:00'),
(636, 104, 1, '2', '2017-04-14 11:17:01', '2017-04-14 11:17:01'),
(637, 104, 1, 'sad', '2017-04-14 11:18:31', '2017-04-14 11:18:31'),
(638, 104, 1, 'asd', '2017-04-14 11:18:32', '2017-04-14 11:18:32'),
(639, 104, 1, 'sad', '2017-04-14 11:18:33', '2017-04-14 11:18:33'),
(640, 104, 1, 'asd', '2017-04-14 11:18:34', '2017-04-14 11:18:34'),
(641, 104, 1, 'sad', '2017-04-14 11:18:35', '2017-04-14 11:18:35'),
(642, 104, 1, 'asd', '2017-04-14 11:19:23', '2017-04-14 11:19:23'),
(643, 104, 1, 'sad', '2017-04-14 11:19:24', '2017-04-14 11:19:24'),
(644, 104, 1, 'sad', '2017-04-14 11:19:25', '2017-04-14 11:19:25'),
(645, 104, 1, 'sad', '2017-04-14 11:19:25', '2017-04-14 11:19:25'),
(646, 104, 1, 'asd', '2017-04-14 11:19:26', '2017-04-14 11:19:26'),
(647, 104, 1, 'a', '2017-04-14 11:20:01', '2017-04-14 11:20:01'),
(648, 104, 1, 'q', '2017-04-14 11:20:02', '2017-04-14 11:20:02'),
(649, 104, 1, 'w', '2017-04-14 11:20:03', '2017-04-14 11:20:03'),
(650, 104, 1, 'e', '2017-04-14 11:20:04', '2017-04-14 11:20:04'),
(651, 104, 1, 'r', '2017-04-14 11:20:04', '2017-04-14 11:20:04'),
(652, 104, 1, 'asd', '2017-04-14 11:20:41', '2017-04-14 11:20:41'),
(653, 104, 1, 'd', '2017-04-14 11:20:42', '2017-04-14 11:20:42'),
(654, 104, 1, 'sad', '2017-04-14 11:20:43', '2017-04-14 11:20:43'),
(655, 104, 1, 'asd', '2017-04-14 11:20:44', '2017-04-14 11:20:44'),
(656, 104, 1, 'asd', '2017-04-14 11:20:45', '2017-04-14 11:20:45'),
(657, 104, 1, 'asd', '2017-04-14 11:21:53', '2017-04-14 11:21:53'),
(658, 104, 1, 'asd', '2017-04-14 11:21:54', '2017-04-14 11:21:54'),
(659, 104, 1, 'sad', '2017-04-14 11:21:55', '2017-04-14 11:21:55'),
(660, 104, 1, 'asd', '2017-04-14 11:21:56', '2017-04-14 11:21:56'),
(661, 104, 1, 'sad', '2017-04-14 11:21:57', '2017-04-14 11:21:57'),
(662, 104, 1, 'sad', '2017-04-14 11:23:34', '2017-04-14 11:23:34'),
(663, 104, 1, 'sad', '2017-04-14 11:23:35', '2017-04-14 11:23:35'),
(664, 104, 1, 'asd', '2017-04-14 11:23:36', '2017-04-14 11:23:36'),
(665, 104, 1, 'asd', '2017-04-14 11:23:37', '2017-04-14 11:23:37'),
(666, 104, 1, 'asd', '2017-04-14 11:23:38', '2017-04-14 11:23:38'),
(667, 104, 1, 'sad', '2017-04-14 11:24:46', '2017-04-14 11:24:46'),
(668, 104, 1, 'qwe', '2017-04-14 11:24:48', '2017-04-14 11:24:48'),
(669, 104, 1, 'asd', '2017-04-14 11:24:50', '2017-04-14 11:24:50'),
(670, 104, 1, 'asd', '2017-04-14 11:24:51', '2017-04-14 11:24:51'),
(671, 104, 1, 'sad', '2017-04-14 11:24:52', '2017-04-14 11:24:52'),
(672, 104, 1, 'sad1<br>', '2017-04-14 12:21:14', '2017-04-14 12:21:14'),
(673, 104, 1, 'asd', '2017-04-14 12:21:16', '2017-04-14 12:21:16'),
(674, 104, 1, 'asd', '2017-04-14 12:21:17', '2017-04-14 12:21:17'),
(675, 104, 1, 'sad', '2017-04-14 12:21:18', '2017-04-14 12:21:18'),
(676, 104, 1, 'qwe', '2017-04-14 12:21:18', '2017-04-14 12:21:18'),
(677, 104, 1, 'qwe', '2017-04-14 12:21:40', '2017-04-14 12:21:40'),
(678, 104, 1, 'wqe', '2017-04-14 12:21:45', '2017-04-14 12:21:45'),
(679, 104, 1, 'dfg', '2017-04-14 12:21:46', '2017-04-14 12:21:46'),
(680, 104, 1, 'fgh', '2017-04-14 12:21:46', '2017-04-14 12:21:46'),
(681, 104, 1, 'gfh', '2017-04-14 12:21:47', '2017-04-14 12:21:47'),
(682, 104, 1, 'fgh\ngf\\', '2017-04-14 12:22:44', '2017-04-14 12:22:44'),
(683, 104, 1, 'asd', '2017-04-14 12:22:46', '2017-04-14 12:22:46'),
(684, 104, 1, 'ghj', '2017-04-14 12:22:47', '2017-04-14 12:22:47'),
(685, 104, 1, '<br>\nghj', '2017-04-14 12:22:49', '2017-04-14 12:22:49'),
(686, 104, 1, 'tu', '2017-04-14 12:22:50', '2017-04-14 12:22:50'),
(687, 104, 1, 'tyu\n<br>', '2017-04-14 12:24:09', '2017-04-14 12:24:09'),
(688, 104, 1, '<br>\n<br>\n<br>\n<br>\n<br>', '2017-04-14 12:24:11', '2017-04-14 12:24:11'),
(689, 104, 1, 'd', '2017-04-14 12:24:14', '2017-04-14 12:24:14'),
(690, 104, 1, 'asd', '2017-04-14 12:24:15', '2017-04-14 12:24:15'),
(691, 104, 1, 'qwe', '2017-04-14 12:24:16', '2017-04-14 12:24:16'),
(692, 104, 1, 'asd\nk', '2017-04-14 12:24:43', '2017-04-14 12:24:43'),
(693, 104, 1, 'hjk', '2017-04-14 12:24:45', '2017-04-14 12:24:45'),
(694, 104, 1, 'hk', '2017-04-14 12:24:46', '2017-04-14 12:24:46'),
(695, 104, 1, 'uyi', '2017-04-14 12:24:47', '2017-04-14 12:24:47'),
(696, 104, 1, 'khj', '2017-04-14 12:24:48', '2017-04-14 12:24:48'),
(697, 104, 1, 'uyi\nhjk\nqwe', '2017-04-14 12:26:08', '2017-04-14 12:26:08'),
(698, 104, 1, 'mn,', '2017-04-14 12:26:09', '2017-04-14 12:26:09'),
(699, 104, 1, 'mn,', '2017-04-14 12:26:10', '2017-04-14 12:26:10'),
(700, 104, 1, 'mn,', '2017-04-14 12:26:11', '2017-04-14 12:26:11'),
(701, 104, 1, ',m', '2017-04-14 12:26:11', '2017-04-14 12:26:11'),
(702, 104, 1, 'nm,', '2017-04-14 12:30:05', '2017-04-14 12:30:05'),
(703, 104, 1, 'gh', '2017-04-14 12:30:06', '2017-04-14 12:30:06'),
(704, 104, 1, 'fgh', '2017-04-14 12:30:07', '2017-04-14 12:30:07'),
(705, 104, 1, 'يسشي', '2017-04-14 12:31:23', '2017-04-14 12:31:23'),
(706, 104, 1, 'asd', '2017-04-14 12:31:25', '2017-04-14 12:31:25'),
(707, 104, 1, 'qwe', '2017-04-14 12:31:26', '2017-04-14 12:31:26'),
(708, 104, 1, 'qwe', '2017-04-14 12:31:26', '2017-04-14 12:31:26'),
(709, 104, 1, 'qwe', '2017-04-14 12:31:27', '2017-04-14 12:31:27'),
(710, 104, 1, 'wqe', '2017-04-14 12:32:31', '2017-04-14 12:32:31'),
(711, 104, 1, 'asd', '2017-04-14 12:32:33', '2017-04-14 12:32:33'),
(712, 104, 1, 'qwe', '2017-04-14 12:32:34', '2017-04-14 12:32:34'),
(713, 104, 1, 'asd', '2017-04-14 12:32:35', '2017-04-14 12:32:35'),
(714, 104, 1, 'e', '2017-04-14 12:32:35', '2017-04-14 12:32:35'),
(715, 104, 1, 'Mostafa', '2017-04-14 12:34:45', '2017-04-14 12:34:45'),
(716, 104, 1, 'rabia', '2017-04-14 12:34:46', '2017-04-14 12:34:46'),
(717, 104, 1, '1', '2017-04-14 12:34:47', '2017-04-14 12:34:47'),
(718, 104, 1, '2', '2017-04-14 12:34:48', '2017-04-14 12:34:48'),
(719, 104, 1, '3', '2017-04-14 12:34:49', '2017-04-14 12:34:49'),
(720, 104, 1, 'sad', '2017-04-14 12:35:40', '2017-04-14 12:35:40'),
(721, 104, 1, 'asd', '2017-04-14 12:35:41', '2017-04-14 12:35:41'),
(722, 104, 1, 'asd', '2017-04-14 12:35:42', '2017-04-14 12:35:42'),
(723, 104, 1, 'asd', '2017-04-14 12:35:43', '2017-04-14 12:35:43'),
(724, 104, 1, 'sad', '2017-04-14 12:35:44', '2017-04-14 12:35:44'),
(725, 104, 1, 'qwe', '2017-04-14 12:36:16', '2017-04-14 12:36:16'),
(726, 104, 1, 'qwe', '2017-04-14 12:36:17', '2017-04-14 12:36:17'),
(727, 104, 1, 'asd', '2017-04-14 12:36:17', '2017-04-14 12:36:17'),
(728, 104, 1, 'c', '2017-04-14 12:36:21', '2017-04-14 12:36:21'),
(729, 104, 1, 'zc', '2017-04-14 12:36:21', '2017-04-14 12:36:21'),
(730, 104, 1, 'xzc', '2017-04-14 12:36:40', '2017-04-14 12:36:40'),
(731, 104, 1, 'wqe', '2017-04-14 12:36:58', '2017-04-14 12:36:58'),
(732, 104, 1, 'asd', '2017-04-14 12:36:59', '2017-04-14 12:36:59'),
(733, 104, 1, 'xzc', '2017-04-14 12:37:00', '2017-04-14 12:37:00'),
(734, 104, 1, 'tyu', '2017-04-14 12:37:01', '2017-04-14 12:37:01'),
(735, 104, 1, 'dasdasddsadsadasdasdasdasddsadsadasdasdasdasddsadsadasdasdasdasddsadsadasdasdasdasddsadsadasdasdasdasddsadsadasdasdasdasddsadsadasdasdasdasddsadsadasdasdasdasddsadsadasdasdasdasddsadsadasdasdasdasddsadsadasdasdasdasddsadsadasdasdasdasddsadsadasdasdasdasddsadsadasdasdasdasddsadsadasdasdasdasddsadsadasdasdasdasddsadsadasdasdasdasddsadsadasdasdasdasddsadsadasdasdasdasddsadsadasdasdasdasddsadsadasdasdasdasddsadsadasdasdasdasddsadsadasdasdasdasddsadsadasdasdasdasddsadsadasdasdasdasddsadsadasdasssssss', '2017-04-14 12:39:41', '2017-04-14 12:39:41'),
(736, 104, 1, 'dasdasddsadsadasdasdasdasddsadsadasdasdasdasddsadsadasdasdasdasddsadsadasdasdasdasddsadsadasdasdasdasddsadsadasdasdasdasddsadsadasdasdasdasddsadsadasdasdasdasddsadsadasdasdasdasddsadsadasdasdasdasddsadsadasdasdasdasddsadsadasdasdasdasddsadsadasdasdasdasddsadsadasdasdasdasddsadsadasdasdasdasddsadsadasdasdasdasddsadsadasdasdasdasddsadsadasdasdasdasddsadsadasdasdasdasddsadsadasdasdasdasddsadsadasdasdasdasddsadsadasdasdasdasddsadsadasdasdasdasddsadsadasdasdasdasddsadsadasdasdasdasddsadsadasdasssssss', '2017-04-14 12:39:53', '2017-04-14 12:39:53'),
(737, 104, 1, 'مصطفي rabia<br>\nrabia مصطفي', '2017-04-14 12:44:58', '2017-04-14 12:44:58'),
(738, 104, 1, 'sadsadas<br>\nشسيسشيسش', '2017-04-14 12:45:35', '2017-04-14 12:45:35'),
(739, 104, 1, 'مصطفي<br>\nmostafa', '2017-04-14 12:46:05', '2017-04-14 12:46:05'),
(740, 104, 1, 'adasdasdas<br>\nمصطفي<br>\nsdasd', '2017-04-14 12:46:45', '2017-04-14 12:46:45'),
(741, 104, 1, 'asdsadsadasسشيشسيشسيش', '2017-04-14 12:46:54', '2017-04-14 12:46:54'),
(742, 104, 1, 'asdasdas<br>\nيسشيشسيشسي', '2017-04-14 12:47:01', '2017-04-14 12:47:01'),
(743, 104, 1, 'mostafarabia<br>\nمصطفي ربيع', '2017-04-14 12:47:16', '2017-04-14 12:47:16'),
(744, 104, 1, '<p dir="ltr">Mostafa Rabia</p><br>\nمصطفي ربيع', '2017-04-14 13:09:54', '2017-04-14 13:09:54'),
(745, 104, 1, 'dasdasddsadsadasdasdasdasddsadsadasdasdasdasddsadsadasdasdasdasddsadsadasdasdasdasddsadsadasdasdasdasddsadsadasdasdasdasddsadsadasdasdasdasddsadsadasdasdasdasddsadsadasdasdasdasddsadsadasdasdasdasddsadsadasdasdasdasddsadsadasdasdasdasddsadsadasdasdasdasddsadsadasdasdasdasddsadsadasdasdasdasddsadsadasdasdasdasddsadsadasdasdasdasddsadsadasdasdasdasddsadsadasdasdasdasddsadsadasdasdasdasddsadsadasdasdasdasddsadsadasdasdasdasddsadsadasdasdasdasddsadsadasdasdasdasddsadsadasdasdasdasddsadsadasdasssssss', '2017-04-15 02:24:54', '2017-04-15 02:24:54'),
(746, 104, 1, 'Mostafa', '2017-04-15 02:27:40', '2017-04-15 02:27:40'),
(747, 104, 1, 'Rabia', '2017-04-15 02:27:48', '2017-04-15 02:27:48'),
(748, 104, 1, 'qwe<br>', '2017-04-15 02:27:53', '2017-04-15 02:27:53'),
(749, 104, 1, 'xzc', '2017-04-15 02:27:54', '2017-04-15 02:27:54'),
(750, 104, 1, 'dsa\nwqe', '2017-04-15 02:28:01', '2017-04-15 02:28:01'),
(751, 104, 1, 'sad', '2017-04-15 02:29:27', '2017-04-15 02:29:27'),
(752, 104, 1, 'qwe', '2017-04-15 02:29:28', '2017-04-15 02:29:28'),
(753, 104, 1, 'sad', '2017-04-15 02:29:29', '2017-04-15 02:29:29'),
(754, 104, 1, 'wqe', '2017-04-15 02:29:31', '2017-04-15 02:29:31'),
(755, 104, 1, 'asd', '2017-04-15 02:30:04', '2017-04-15 02:30:04'),
(756, 104, 1, 'qwe', '2017-04-15 02:30:05', '2017-04-15 02:30:05'),
(757, 104, 1, 'sad', '2017-04-15 02:30:06', '2017-04-15 02:30:06'),
(758, 104, 1, 'qwe', '2017-04-15 02:30:07', '2017-04-15 02:30:07'),
(759, 104, 1, 'sad', '2017-04-15 02:30:08', '2017-04-15 02:30:08'),
(760, 104, 1, 'asd', '2017-04-15 02:31:01', '2017-04-15 02:31:01'),
(761, 104, 1, 'qwe', '2017-04-15 02:31:02', '2017-04-15 02:31:02'),
(762, 104, 1, 'asd', '2017-04-15 02:31:03', '2017-04-15 02:31:03'),
(763, 104, 1, 'e', '2017-04-15 02:31:04', '2017-04-15 02:31:04'),
(764, 104, 1, 'asd', '2017-04-15 02:31:05', '2017-04-15 02:31:05'),
(765, 104, 1, 'ad', '2017-04-15 02:31:31', '2017-04-15 02:31:31'),
(766, 104, 1, 'qwe', '2017-04-15 02:31:32', '2017-04-15 02:31:32'),
(767, 104, 1, 'qwe', '2017-04-15 02:31:33', '2017-04-15 02:31:33'),
(768, 104, 1, 'wqe', '2017-04-15 02:31:34', '2017-04-15 02:31:34'),
(769, 104, 1, 'qe', '2017-04-15 02:31:35', '2017-04-15 02:31:35'),
(770, 104, 1, 'sad', '2017-04-15 02:32:18', '2017-04-15 02:32:18'),
(771, 104, 1, 'qwe', '2017-04-15 02:32:19', '2017-04-15 02:32:19'),
(772, 104, 1, 'asd', '2017-04-15 02:32:20', '2017-04-15 02:32:20'),
(773, 104, 1, 'qwe', '2017-04-15 02:32:21', '2017-04-15 02:32:21'),
(774, 104, 1, 'asd', '2017-04-15 02:32:22', '2017-04-15 02:32:22'),
(775, 104, 1, 'dasdasddsadsadasdasdasdasddsadsadasdasdasdasddsadsadasdasdasdasddsadsadasdasdasdasddsadsadasdasdasdasddsadsadasdasdasdasddsadsadasdasdasdasddsadsadasdasdasdasddsadsadasdasdasdasddsadsadasdasdasdasddsadsadasdasdasdasddsadsadasdasdasdasddsadsadasdasdasdasddsadsadasdasdasdasddsadsadasdasdasdasddsadsadasdasdasdasddsadsadasdasdasdasddsadsadasdasdasdasddsadsadasdasdasdasddsadsadasdasdasdasddsadsadasdasdasdasddsadsadasdasdasdasddsadsadasdasdasdasddsadsadasdasdasdasddsadsadasdasdasdasddsadsadasdasssssss', '2017-04-15 02:32:55', '2017-04-15 02:32:55'),
(776, 99, 1, 'Mostafa', '2017-04-15 02:33:32', '2017-04-15 02:33:32'),
(777, 99, 1, 'Rabia', '2017-04-15 02:33:34', '2017-04-15 02:33:34'),
(778, 99, 1, 'موفق', '2017-04-15 02:33:39', '2017-04-15 02:33:39'),
(779, 99, 1, 'موفق rabia', '2017-04-15 02:33:53', '2017-04-15 02:33:53'),
(780, 99, 1, 'rabia موفق', '2017-04-15 02:33:56', '2017-04-15 02:33:56'),
(781, 99, 1, 'mostafa<br>\nمصطفي', '2017-04-15 02:34:14', '2017-04-15 02:34:14'),
(782, 99, 1, 'qwe', '2017-04-15 02:34:35', '2017-04-15 02:34:35'),
(783, 99, 1, 'asd', '2017-04-15 02:34:36', '2017-04-15 02:34:36'),
(784, 99, 1, 'zczx', '2017-04-15 02:34:38', '2017-04-15 02:34:38'),
(785, 99, 1, 'vb', '2017-04-15 02:34:39', '2017-04-15 02:34:39'),
(786, 99, 1, 'Mostafa', '2017-04-15 02:36:34', '2017-04-15 02:36:34'),
(787, 99, 1, 'dasd', '2017-04-15 02:36:36', '2017-04-15 02:36:36'),
(788, 99, 1, 'qwe', '2017-04-15 02:36:37', '2017-04-15 02:36:37'),
(789, 99, 1, 'asd', '2017-04-15 02:36:38', '2017-04-15 02:36:38'),
(790, 99, 1, 'qwe', '2017-04-15 02:36:39', '2017-04-15 02:36:39'),
(791, 99, 1, 'asd\nasd', '2017-04-15 02:36:56', '2017-04-15 02:36:56'),
(792, 99, 1, 'zxc', '2017-04-15 02:36:59', '2017-04-15 02:36:59'),
(793, 99, 1, 'asd', '2017-04-15 02:37:00', '2017-04-15 02:37:00'),
(794, 99, 1, 'qwe', '2017-04-15 02:37:01', '2017-04-15 02:37:01'),
(795, 99, 1, 'asd', '2017-04-15 02:37:02', '2017-04-15 02:37:02'),
(796, 99, 1, 'qwe', '2017-04-15 02:38:39', '2017-04-15 02:38:39'),
(797, 99, 1, 'asd', '2017-04-15 02:42:43', '2017-04-15 02:42:43'),
(798, 102, 1, 'Mostafa', '2017-04-15 02:43:04', '2017-04-15 02:43:04'),
(799, 102, 1, 'dasd', '2017-04-15 02:43:13', '2017-04-15 02:43:13'),
(800, 102, 1, 'ghhfghfghfgh', '2017-04-15 02:43:37', '2017-04-15 02:43:37'),
(801, 104, 1, 'xvcxvcxvxc', '2017-04-15 02:43:57', '2017-04-15 02:43:57'),
(802, 104, 1, 'hjkhjkhj', '2017-04-15 02:44:53', '2017-04-15 02:44:53'),
(803, 104, 1, '1', '2017-04-15 02:47:04', '2017-04-15 02:47:04'),
(804, 104, 1, '2', '2017-04-15 02:47:05', '2017-04-15 02:47:05'),
(805, 104, 1, '3', '2017-04-15 02:47:06', '2017-04-15 02:47:06'),
(806, 104, 1, '4', '2017-04-15 02:47:07', '2017-04-15 02:47:07'),
(807, 104, 1, '1', '2017-04-15 02:47:40', '2017-04-15 02:47:40'),
(808, 104, 1, '2', '2017-04-15 02:47:41', '2017-04-15 02:47:41'),
(809, 104, 1, '3', '2017-04-15 02:47:42', '2017-04-15 02:47:42'),
(810, 104, 1, '4', '2017-04-15 02:47:43', '2017-04-15 02:47:43'),
(811, 104, 1, '5', '2017-04-15 02:47:44', '2017-04-15 02:47:44'),
(812, 104, 1, '6', '2017-04-15 02:47:45', '2017-04-15 02:47:45'),
(813, 104, 1, '1', '2017-04-15 02:48:28', '2017-04-15 02:48:28'),
(814, 104, 1, '2', '2017-04-15 02:48:29', '2017-04-15 02:48:29'),
(815, 104, 1, '3', '2017-04-15 02:48:29', '2017-04-15 02:48:29'),
(816, 104, 1, '4', '2017-04-15 02:48:30', '2017-04-15 02:48:30'),
(817, 104, 1, '5', '2017-04-15 02:48:31', '2017-04-15 02:48:31'),
(818, 104, 1, '6', '2017-04-15 02:48:50', '2017-04-15 02:48:50'),
(819, 104, 1, '7', '2017-04-15 02:48:52', '2017-04-15 02:48:52'),
(820, 104, 1, '8', '2017-04-15 02:48:54', '2017-04-15 02:48:54'),
(821, 104, 1, '9', '2017-04-15 02:48:55', '2017-04-15 02:48:55'),
(822, 104, 1, '10', '2017-04-15 02:48:56', '2017-04-15 02:48:56'),
(823, 104, 1, '11', '2017-04-15 02:49:12', '2017-04-15 02:49:12'),
(824, 104, 1, '12', '2017-04-15 02:49:15', '2017-04-15 02:49:15'),
(825, 104, 1, '13', '2017-04-15 02:49:16', '2017-04-15 02:49:16'),
(826, 104, 1, '14', '2017-04-15 02:49:18', '2017-04-15 02:49:18'),
(827, 104, 1, '15', '2017-04-15 02:49:19', '2017-04-15 02:49:19'),
(828, 104, 1, '1', '2017-04-15 02:52:02', '2017-04-15 02:52:02'),
(829, 104, 1, '2', '2017-04-15 02:52:05', '2017-04-15 02:52:05'),
(830, 104, 1, '3', '2017-04-15 02:52:06', '2017-04-15 02:52:06'),
(831, 104, 1, '4', '2017-04-15 02:52:06', '2017-04-15 02:52:06'),
(832, 104, 1, '5', '2017-04-15 02:52:07', '2017-04-15 02:52:07'),
(833, 104, 1, '6', '2017-04-15 02:52:27', '2017-04-15 02:52:27'),
(834, 104, 1, '7', '2017-04-15 02:52:30', '2017-04-15 02:52:30'),
(835, 104, 1, '8', '2017-04-15 02:52:31', '2017-04-15 02:52:31'),
(836, 104, 1, '9', '2017-04-15 02:52:32', '2017-04-15 02:52:32'),
(837, 104, 1, '10', '2017-04-15 02:52:33', '2017-04-15 02:52:33'),
(838, 104, 1, '1', '2017-04-15 02:54:40', '2017-04-15 02:54:40'),
(839, 104, 1, '2', '2017-04-15 02:54:40', '2017-04-15 02:54:40'),
(840, 104, 1, '3', '2017-04-15 02:54:41', '2017-04-15 02:54:41'),
(841, 104, 1, '4', '2017-04-15 02:54:42', '2017-04-15 02:54:42'),
(842, 104, 1, '5', '2017-04-15 02:54:43', '2017-04-15 02:54:43'),
(843, 104, 1, '6', '2017-04-15 02:55:00', '2017-04-15 02:55:00'),
(844, 104, 1, '7', '2017-04-15 02:55:07', '2017-04-15 02:55:07'),
(845, 104, 1, '8', '2017-04-15 02:55:08', '2017-04-15 02:55:08'),
(846, 104, 1, '9', '2017-04-15 02:55:09', '2017-04-15 02:55:09'),
(847, 104, 1, '10', '2017-04-15 02:55:10', '2017-04-15 02:55:10'),
(848, 104, 1, '11', '2017-04-15 02:55:28', '2017-04-15 02:55:28'),
(849, 104, 1, 'ads', '2017-04-15 02:57:26', '2017-04-15 02:57:26'),
(850, 104, 1, 'asd', '2017-04-15 02:57:27', '2017-04-15 02:57:27'),
(851, 104, 1, 'add', '2017-04-15 02:57:28', '2017-04-15 02:57:28'),
(852, 104, 1, 'aasd', '2017-04-15 02:57:30', '2017-04-15 02:57:30'),
(853, 104, 1, 'ad', '2017-04-15 02:57:48', '2017-04-15 02:57:48'),
(854, 104, 1, '1', '2017-04-15 02:57:50', '2017-04-15 02:57:50'),
(855, 104, 1, '2', '2017-04-15 02:57:51', '2017-04-15 02:57:51'),
(856, 104, 1, '3', '2017-04-15 02:57:53', '2017-04-15 02:57:53'),
(857, 104, 1, '54', '2017-04-15 02:57:55', '2017-04-15 02:57:55'),
(858, 104, 1, ';\nasd', '2017-04-15 03:12:32', '2017-04-15 03:12:32'),
(859, 104, 1, '1', '2017-04-15 03:15:27', '2017-04-15 03:15:27'),
(860, 104, 1, '2', '2017-04-15 03:15:28', '2017-04-15 03:15:28'),
(861, 104, 1, '3', '2017-04-15 03:15:29', '2017-04-15 03:15:29'),
(862, 104, 1, '4', '2017-04-15 03:15:30', '2017-04-15 03:15:30'),
(863, 104, 1, '5\n6', '2017-04-15 03:15:56', '2017-04-15 03:15:56'),
(864, 104, 1, '1', '2017-04-15 03:16:23', '2017-04-15 03:16:23'),
(865, 104, 1, '1', '2017-04-15 03:19:09', '2017-04-15 03:19:09'),
(866, 104, 1, '2', '2017-04-15 03:19:10', '2017-04-15 03:19:10'),
(867, 104, 1, '3', '2017-04-15 03:19:11', '2017-04-15 03:19:11'),
(868, 104, 1, '4', '2017-04-15 03:19:11', '2017-04-15 03:19:11'),
(869, 104, 1, '5', '2017-04-15 03:19:13', '2017-04-15 03:19:13'),
(870, 104, 1, '1', '2017-04-15 03:19:55', '2017-04-15 03:19:55'),
(871, 104, 1, '2', '2017-04-15 03:19:56', '2017-04-15 03:19:56'),
(872, 104, 1, '3', '2017-04-15 03:19:57', '2017-04-15 03:19:57'),
(873, 104, 1, '4', '2017-04-15 03:19:58', '2017-04-15 03:19:58'),
(874, 104, 1, '5', '2017-04-15 03:19:59', '2017-04-15 03:19:59'),
(875, 104, 1, '6', '2017-04-15 03:20:29', '2017-04-15 03:20:29'),
(876, 104, 1, '7', '2017-04-15 03:20:30', '2017-04-15 03:20:30'),
(877, 104, 1, '8', '2017-04-15 03:20:31', '2017-04-15 03:20:31'),
(878, 104, 1, '9', '2017-04-15 03:20:32', '2017-04-15 03:20:32'),
(879, 104, 1, '10', '2017-04-15 03:20:33', '2017-04-15 03:20:33'),
(880, 104, 1, '11', '2017-04-15 03:20:56', '2017-04-15 03:20:56'),
(881, 104, 1, '12', '2017-04-15 03:20:58', '2017-04-15 03:20:58'),
(882, 104, 1, '13', '2017-04-15 03:20:59', '2017-04-15 03:20:59'),
(883, 104, 1, '14', '2017-04-15 03:21:00', '2017-04-15 03:21:00'),
(884, 104, 1, '15', '2017-04-15 03:21:01', '2017-04-15 03:21:01'),
(885, 104, 1, '16', '2017-04-15 03:24:14', '2017-04-15 03:24:14'),
(886, 104, 1, '17', '2017-04-15 03:24:16', '2017-04-15 03:24:16'),
(887, 104, 1, '18', '2017-04-15 03:24:17', '2017-04-15 03:24:17'),
(888, 104, 1, '19', '2017-04-15 03:24:19', '2017-04-15 03:24:19'),
(889, 104, 1, '20', '2017-04-15 03:24:22', '2017-04-15 03:24:22'),
(890, 104, 1, '21', '2017-04-15 03:24:38', '2017-04-15 03:24:38'),
(891, 104, 1, '22', '2017-04-15 03:24:39', '2017-04-15 03:24:39'),
(892, 104, 1, '23', '2017-04-15 03:24:40', '2017-04-15 03:24:40'),
(893, 104, 1, '24', '2017-04-15 03:24:42', '2017-04-15 03:24:42'),
(894, 104, 1, '25', '2017-04-15 03:24:43', '2017-04-15 03:24:43'),
(895, 104, 1, '26', '2017-04-15 03:25:00', '2017-04-15 03:25:00'),
(896, 104, 1, '27', '2017-04-15 03:25:03', '2017-04-15 03:25:03'),
(897, 104, 1, '28', '2017-04-15 03:25:05', '2017-04-15 03:25:05'),
(898, 104, 1, '29', '2017-04-15 03:25:06', '2017-04-15 03:25:06'),
(899, 104, 1, '30', '2017-04-15 03:25:08', '2017-04-15 03:25:08'),
(900, 104, 1, 'ads', '2017-04-15 03:28:22', '2017-04-15 03:28:22'),
(901, 104, 1, 'qwe', '2017-04-15 03:28:25', '2017-04-15 03:28:25'),
(902, 104, 1, 'asd', '2017-04-15 03:28:26', '2017-04-15 03:28:26'),
(903, 104, 1, 'qwe', '2017-04-15 03:28:27', '2017-04-15 03:28:27'),
(904, 104, 1, 'sadd', '2017-04-15 03:28:28', '2017-04-15 03:28:28'),
(905, 104, 1, '1', '2017-04-15 03:29:32', '2017-04-15 03:29:32'),
(906, 104, 1, '2', '2017-04-15 03:29:35', '2017-04-15 03:29:35'),
(907, 104, 1, '3', '2017-04-15 03:29:38', '2017-04-15 03:29:38'),
(908, 104, 1, '4', '2017-04-15 03:29:42', '2017-04-15 03:29:42'),
(909, 104, 1, '9', '2017-04-15 03:29:45', '2017-04-15 03:29:45'),
(910, 104, 1, '9\n+', '2017-04-15 03:29:56', '2017-04-15 03:29:56'),
(911, 104, 1, '1', '2017-04-15 03:29:58', '2017-04-15 03:29:58'),
(912, 104, 1, '2', '2017-04-15 03:29:59', '2017-04-15 03:29:59'),
(913, 104, 1, '3', '2017-04-15 03:30:00', '2017-04-15 03:30:00'),
(914, 104, 1, '4', '2017-04-15 03:30:01', '2017-04-15 03:30:01'),
(915, 104, 1, 'a', '2017-04-15 03:30:22', '2017-04-15 03:30:22'),
(916, 104, 1, 'b', '2017-04-15 03:30:23', '2017-04-15 03:30:23'),
(917, 104, 1, 'c', '2017-04-15 03:30:24', '2017-04-15 03:30:24'),
(918, 104, 1, 'd', '2017-04-15 03:30:26', '2017-04-15 03:30:26'),
(919, 104, 1, 'e', '2017-04-15 03:30:27', '2017-04-15 03:30:27'),
(920, 104, 1, '1', '2017-04-15 03:31:35', '2017-04-15 03:31:35'),
(921, 104, 1, '2', '2017-04-15 03:31:37', '2017-04-15 03:31:37'),
(922, 104, 1, '3', '2017-04-15 03:31:38', '2017-04-15 03:31:38'),
(923, 104, 1, '4', '2017-04-15 03:31:40', '2017-04-15 03:31:40'),
(924, 104, 1, '5', '2017-04-15 03:31:43', '2017-04-15 03:31:43'),
(925, 104, 1, 's', '2017-04-15 03:31:57', '2017-04-15 03:31:57'),
(926, 104, 1, '1', '2017-04-15 03:31:59', '2017-04-15 03:31:59'),
(927, 104, 1, '2', '2017-04-15 03:31:59', '2017-04-15 03:31:59'),
(928, 104, 1, '3', '2017-04-15 03:32:00', '2017-04-15 03:32:00'),
(929, 104, 1, '45', '2017-04-15 03:32:01', '2017-04-15 03:32:01'),
(930, 104, 1, '1', '2017-04-15 03:32:39', '2017-04-15 03:32:39'),
(931, 104, 1, '2', '2017-04-15 03:32:43', '2017-04-15 03:32:43'),
(932, 104, 1, '1', '2017-04-15 03:33:50', '2017-04-15 03:33:50'),
(933, 104, 1, '2', '2017-04-15 03:33:51', '2017-04-15 03:33:51'),
(934, 104, 1, '3', '2017-04-15 03:33:52', '2017-04-15 03:33:52'),
(935, 104, 1, '4', '2017-04-15 03:33:53', '2017-04-15 03:33:53'),
(936, 104, 1, '5', '2017-04-15 03:33:54', '2017-04-15 03:33:54'),
(937, 104, 1, 'Mostafa', '2017-04-16 18:24:17', '2017-04-16 18:24:17'),
(938, 104, 1, 'qwe', '2017-04-16 18:26:18', '2017-04-16 18:26:18'),
(939, 104, 1, 'qwe', '2017-04-16 18:26:36', '2017-04-16 18:26:36'),
(940, 104, 1, 'dfg', '2017-04-16 18:27:10', '2017-04-16 18:27:10'),
(941, 104, 5, 'kl;', '2017-04-16 18:29:32', '2017-04-16 18:29:32'),
(942, 104, 5, 'Mostafa rabia', '2017-04-16 18:30:01', '2017-04-16 18:30:01'),
(943, 104, 1, '<br>\n<br>', '2017-04-17 02:20:58', '2017-04-17 02:20:58'),
(944, 104, 1, 'qwe', '2017-04-17 03:23:10', '2017-04-17 03:23:10'),
(945, 104, 1, '<p>eqwe</p>\n<p>&nbsp;</p>', '2017-04-17 17:54:34', '2017-04-17 17:54:34'),
(946, 104, 1, '<p style="text-align: right;">سشيشسيشس</p>', '2017-04-17 17:54:49', '2017-04-17 17:54:49'),
(947, 104, 1, '<p style="text-align: right;">&nbsp;</p>\n<p style="text-align: right;">&nbsp;</p>\n<p style="text-align: right;">&nbsp;</p>', '2017-04-17 17:54:57', '2017-04-17 17:54:57'),
(948, 104, 1, '<p>wqe</p>', '2017-04-18 19:34:20', '2017-04-18 19:34:20'),
(949, 104, 1, '<p>qwe</p>', '2017-04-18 20:07:53', '2017-04-18 20:07:53'),
(950, 104, 1, '<p>asd</p>', '2017-04-18 20:11:50', '2017-04-18 20:11:50'),
(951, 104, 1, '<p>qwe</p>', '2017-04-18 20:13:11', '2017-04-18 20:13:11'),
(952, 104, 1, '<p>mostafa</p>', '2017-04-18 20:13:18', '2017-04-18 20:13:18'),
(953, 104, 1, '<p>s</p>', '2017-04-18 20:13:44', '2017-04-18 20:13:44'),
(954, 104, 1, '<p>Mostafa</p>', '2017-04-18 20:13:49', '2017-04-18 20:13:49'),
(955, 104, 1, '<p><br /><br /><br /><br /><br /><br /><br /><br /><br /><br /></p>', '2017-04-18 20:15:14', '2017-04-18 20:15:14'),
(956, 104, 1, '<p>s<br /><br /><br /><br /><br /><br /><br /><br /><br /><br /><br /><br /><br /><br /><br /><br /><br /></p>', '2017-04-18 20:17:36', '2017-04-18 20:17:36'),
(957, 104, 1, '<p>asdsadas</p>\n<p>&nbsp;dsadas</p>\n<p>&nbsp;asd</p>', '2017-04-18 20:31:19', '2017-04-18 20:31:19'),
(958, 104, 1, '<p>&lt;input type=''text''&gt;</p>', '2017-04-18 20:32:11', '2017-04-18 20:32:11'),
(959, 104, 1, '<p>&lt;a href=''javascript:;''&gt;adadas&lt;/a&gt;</p>', '2017-04-18 20:32:34', '2017-04-18 20:32:34'),
(960, 104, 1, '<p style="text-align: center;"><strong></strong></p>', '2017-04-18 20:32:47', '2017-04-18 20:32:47'),
(961, 104, 1, '<blockquote>\n<pre style="text-align: center;"><strong>Mostafa</strong></pre>\n</blockquote>', '2017-04-18 20:33:12', '2017-04-18 20:33:12'),
(962, 104, 1, '<p>&nbsp;</p>\n<p style="text-align: right;">&nbsp;مصطفي ربيع</p>', '2017-04-18 20:33:28', '2017-04-18 20:33:28'),
(963, 104, 1, '<blockquote>\n<p>&nbsp;</p>\n<p>&nbsp;مصطفي ربيع</p>\n</blockquote>', '2017-04-18 20:33:37', '2017-04-18 20:33:37'),
(964, 104, 1, '<p>&lt;form&gt;</p>', '2017-04-18 20:34:02', '2017-04-18 20:34:02'),
(965, 104, 1, '<p>&lt;button type="submit" class="btn-floating btn-small waves-effect waves-light red hide-on-large-only submitAddComment"&gt;&lt;i class="material-icons"&gt;send&lt;/i&gt;&lt;/button&gt;</p>', '2017-04-18 20:34:48', '2017-04-18 20:34:48'),
(966, 104, 1, '<h1 style="text-align: center;"><code></code>Mostafa</h1>', '2017-04-18 20:35:30', '2017-04-18 20:35:30'),
(967, 104, 1, '<p>asdasdas</p>\n<p>qweqweqw</p>\n<p>sadsadas</p>', '2017-04-18 20:36:48', '2017-04-18 20:36:48'),
(968, 104, 1, '<p>MostafaMostafaMostafaMostafaMostafaMostafaMostafaMostafaMostafaMostafaMostafaMostafaMostafaMostafaMostafaMostafaMostafaMostafaMostafaMostafaMostafaMostafaMostafaMostafaMostafaMostafaMostafaMostafaMostafaMostafaMostafaMostafaMostafaMostafaMostafaMostafaMostafaMostafaMostafaMostafaMostafaMostafaMostafaMostafaMostafaMostafaMostafaMostafaMostafaMostafa</p>', '2017-04-18 20:43:59', '2017-04-18 20:43:59'),
(969, 104, 1, '<p>&lt;img src="http://localhost/THPosts/public/images/image2.jpg" alt="http://localhost/THPosts/public/images/image2.jpg"&gt;</p>', '2017-04-18 20:45:12', '2017-04-18 20:45:12'),
(970, 104, 1, '<p style="text-align: right;">Mostafa<br />Rabia<br />مصطفي<br />ربيع</p>', '2017-04-18 20:51:09', '2017-04-18 20:51:09'),
(971, 104, 1, '<p><br /><br /><br /></p>', '2017-04-18 20:57:18', '2017-04-18 20:57:18'),
(972, 104, 1, '<p>شسي&nbsp;</p>\n<p style="text-align: center;">شسي&nbsp;</p>\n<p style="text-align: right;">شسي&nbsp;</p>', '2017-04-18 21:14:47', '2017-04-18 21:14:47'),
(975, 104, 1, '<p>qwe</p>\n<p>&nbsp;</p>', '2017-04-21 01:22:15', '2017-04-21 01:22:15'),
(976, 104, 1, '<p>adsadasdassdsd</p>', '2017-04-21 01:23:01', '2017-04-21 01:23:01'),
(980, 104, 1, '<p>&nbsp;</p>\n<p>&nbsp;</p>\n<p>&nbsp;</p>\n<p>&nbsp;</p>', '2017-04-21 01:31:35', '2017-04-21 01:31:35'),
(981, 104, 1, '<p>ضثصثضصثضصثض</p>\n<p>ثضثضصثضص</p>', '2017-04-21 15:30:57', '2017-04-21 15:30:57'),
(982, 104, 1, '<p>mostafaaas</p>', '2017-04-21 16:40:50', '2017-04-21 16:40:50'),
(983, 104, 1, '<p>Mostafa Rabia</p>', '2017-04-21 17:02:04', '2017-04-21 17:02:04'),
(984, 104, 1, '<p>Mostafa &nbsp;&nbsp;</p>', '2017-04-21 17:02:44', '2017-04-21 17:02:44'),
(985, 104, 1, '<p>&nbsp; &nbsp; &nbsp; &nbsp; &nbsp;&nbsp;</p>', '2017-04-21 17:02:52', '2017-04-21 17:02:52'),
(988, 104, 1, '<p>mostafa</p>\n<p>مصطفي</p>', '2017-04-23 19:44:12', '2017-04-23 19:44:12'),
(989, 104, 1, '<p>qweqweqwe</p>\n<h1>asdasdas</h1>', '2017-04-23 19:48:21', '2017-04-23 19:48:21'),
(990, 104, 1, '<p>&lt;form&gt;&lt;/form&gt;</p>', '2017-04-23 19:48:42', '2017-04-23 19:48:42'),
(991, 104, 1, '<p>tab</p>\n<p>mostafarabia</p>', '2017-04-23 19:52:17', '2017-04-23 19:52:17'),
(992, 104, 1, '<p>sadasdqweqwe</p>', '2017-04-23 19:55:07', '2017-04-23 19:55:07'),
(993, 104, 1, '<p>asdsadasdsad</p>', '2017-04-23 19:55:11', '2017-04-23 19:55:11'),
(994, 104, 1, '<p>asdsadasdsad</p>\n<p>&nbsp;</p>', '2017-04-23 19:55:12', '2017-04-23 19:55:12'),
(995, 104, 1, '<p>asdsadasdsad</p>\n<p>&nbsp;</p>', '2017-04-23 19:55:13', '2017-04-23 19:55:13'),
(996, 104, 1, '<p>asdsadasdsad</p>\n<p>&nbsp;</p>', '2017-04-23 19:55:14', '2017-04-23 19:55:14'),
(997, 104, 1, '<p>asdsadasdsadasdsadasdsadasdsadasdsadasdsadasdsadasdsadasdsadasdsadasdsad</p>\n<p>&nbsp;</p>', '2017-04-23 19:55:31', '2017-04-23 19:55:31'),
(998, 104, 1, '<p>asdsadasdsadasdsadasdsadasdsadasdsadasdsadasdsadasdsadasdsadasdsadasdsad</p>\n<p>&nbsp;</p>', '2017-04-23 19:55:31', '2017-04-23 19:55:31'),
(999, 104, 1, '<p>asdsadasdsadasdsadasdsadasdsadasdsadasdsadasdsadasdsadasdsadasdsadasdsad</p>\n<p>&nbsp;</p>', '2017-04-23 19:55:31', '2017-04-23 19:55:31'),
(1000, 104, 1, '<p>asdsadasdsadasdsadasdsadasdsadasdsadasdsadasdsadasdsadasdsadasdsadasdsad</p>\n<p>&nbsp;</p>', '2017-04-23 19:55:31', '2017-04-23 19:55:31'),
(1001, 104, 1, '<p>mostafarabia</p>', '2017-04-23 20:04:53', '2017-04-23 20:04:53'),
(1002, 104, 1, '<p>mostafarab &nbsp;</p>', '2017-04-23 20:05:05', '2017-04-23 20:05:05'),
(1004, 104, 1, '<p>شسيadasdsadas</p>', '2017-04-23 20:05:27', '2017-04-23 20:05:27'),
(1005, 104, 1, '<p style="text-align: left;">kl;k;lkl;l''l</p>', '2017-04-23 20:05:36', '2017-04-23 20:05:36'),
(1006, 104, 1, '<p>Mostafa Rabia</p>', '2017-04-23 20:08:27', '2017-04-23 20:08:27'),
(1007, 104, 1, '<p>مصطفي ربيع 0</p>', '2017-04-23 20:10:44', '2017-04-23 20:10:44'),
(1008, 104, 1, '<p><span>asdqew<span>dasdasd</span></span></p>', '2017-04-23 20:17:42', '2017-04-23 20:17:42'),
(1009, 104, 1, '<p><span>MOSTAFAaaaa</span></p>', '2017-04-23 20:17:56', '2017-04-23 20:17:56'),
(1010, 104, 1, '<p><span style="background-color: #008000;">GREEN</span></p>\n<p><span style="background-color: #008000;"><span style="color: #ff6600;">RED</span><br /></span></p>\n<p><span style="background-color: #008000;"><span style="color: #ff6600;">DASD</span></span></p>', '2017-04-23 20:18:49', '2017-04-23 20:18:49'),
(1011, 104, 1, '<p><span style="background-color: #ffffff;"></span><span style="color: #ff6600;">Mostafa Rabia</span></p>', '2017-04-23 20:19:07', '2017-04-23 20:19:07'),
(1012, 104, 1, '<p style="text-align: center;"><span style="color: #ff0000;">جزاك الله كل خير</span></p>', '2017-04-23 20:22:10', '2017-04-23 20:22:10'),
(1013, 104, 1, '<p><span>سشيشسيشس<span style="color: #ff0000;">شسي</span></span></p>', '2017-04-23 20:22:43', '2017-04-23 20:22:43'),
(1014, 104, 1, '<p><span>asdasd</span></p>\n<p><span>sadsadsa</span></p>\n<p><span>dsadsadas</span></p>', '2017-04-23 20:23:28', '2017-04-23 20:23:28'),
(1015, 104, 1, '<p><span>qweqweqwl;''ll;</span></p>', '2017-04-23 20:32:05', '2017-04-23 20:32:05'),
(1016, 104, 1, '<p>l''l;''l;''l;''l;''</p>', '2017-04-23 20:36:30', '2017-04-23 20:36:30'),
(1017, 104, 1, '<p>asdqwekl;l\\</p>', '2017-04-23 20:37:29', '2017-04-23 20:37:29'),
(1018, 104, 1, '<p><span id="_mce_caret" data-mce-bogus="true"><span style="font-size: 24pt;">asdsadsl;''l;''</span></span><br data-mce-bogus="1"></p>', '2017-04-23 20:37:38', '2017-04-23 20:37:38'),
(1019, 104, 1, '<p style="text-align: center;" data-mce-style="text-align: center;"><span id="_mce_caret" data-mce-bogus="true"><span style="font-size: 36pt; color: rgb(255, 0, 0);" data-mce-style="color: #ff0000;">جزاك الله كل خير</span></span><br></p>', '2017-04-23 20:38:02', '2017-04-23 20:38:02'),
(1020, 104, 1, '<p style="text-align: center;" data-mce-style="text-align: center;"><span style="font-size: 36pt; color: rgb(255, 0, 0);" data-mce-style="color: #ff0000;">جزاك الله كل خير</span><br data-mce-bogus="1"></p><p style="text-align: center;" data-mce-style="text-align: center;"><span data-mce-bogus="true"><span style="font-size: 36pt; color: rgb(255, 0, 0);" data-mce-style="color: #ff0000;">جزاك الله كل خير</span></span></p><p style="text-align: center;" data-mce-style="text-align: center;"><span data-mce-bogus="true"><span style="font-size: 36pt; color: rgb(255, 0, 0);" data-mce-style="color: #ff0000;">جزاك الله كل خير</span></span></p><p style="text-align: center;" data-mce-style="text-align: center;"><span data-mce-bogus="true"><span style="font-size: 36pt; color: rgb(255, 0, 0);" data-mce-style="color: #ff0000;">جزاك الله كل خير</span></span></p><p style="text-align: center;" data-mce-style="text-align: center;"><span data-mce-bogus="true"><span style="font-size: 36pt; color: rgb(255, 0, 0);" data-mce-style="color: #ff0000;">جزاك الله كل خير</span></span></p>', '2017-04-23 20:40:46', '2017-04-23 20:40:46'),
(1021, 104, 1, '<p data-mce-style="text-align: center;" style="text-align: center;"><span data-mce-style="color: #ff0000;" style="font-size: 36pt; color: rgb(255, 0, 0);">جزاك الله كل خير</span><br data-mce-bogus="1"></p><p data-mce-style="text-align: center;" style="text-align: center;"><span data-mce-bogus="true"><span data-mce-style="color: #ff0000;" style="font-size: 36pt; color: rgb(255, 0, 0);">جزاك الله كل خير</span></span><span style="color: rgb(255, 0, 0); font-size: 36pt;">جزاك الله كل خير</span></p><p data-mce-style="text-align: center;" style="text-align: center;"><span data-mce-bogus="true"><span data-mce-style="color: #ff0000;" style="font-size: 36pt; color: rgb(255, 0, 0);">جزاك الله كل خير</span></span><span style="color: rgb(255, 0, 0); font-size: 36pt;">جزاك الله كل خير</span></p><p data-mce-style="text-align: center;" style="text-align: center;"><span data-mce-bogus="true"><span data-mce-style="color: #ff0000;" style="font-size: 36pt; color: rgb(255, 0, 0);">جزاك الله كل خير</span></span><span style="color: rgb(255, 0, 0); font-size: 36pt;">جزاك الله كل خير</span></p><p data-mce-style="text-align: center;" style="text-align: center;"><span data-mce-bogus="true"><span data-mce-style="color: #ff0000;" style="font-size: 36pt; color: rgb(255, 0, 0);">جزاك الله كل خير</span></span></p>', '2017-04-23 20:43:32', '2017-04-23 20:43:32'),
(1022, 104, 1, '<p>&lt;h1&gt;هاااي&lt;/h1&gt;</p>', '2017-04-23 20:51:42', '2017-04-23 20:51:42'),
(1023, 104, 1, '<p><br></p><p><br></p><p><br data-mce-bogus="1"></p><p><br></p><p><br data-mce-bogus="1"></p><p><br></p><p><br data-mce-bogus="1"></p><p><br></p><p><br data-mce-bogus="1"></p><p><br></p><p><br data-mce-bogus="1"></p><p><br></p><p><br data-mce-bogus="1"></p>', '2017-04-29 18:57:04', '2017-04-29 18:57:04'),
(1024, 104, 1, '<p>mostafa</p>', '2017-04-29 19:03:20', '2017-04-29 19:03:20'),
(1025, 104, 1, '<p>mostafa<span style="font-family: Verdana, Arial, Helvetica, sans-serif;">mostafa</span><br></p>', '2017-04-29 19:03:33', '2017-04-29 19:03:33'),
(1026, 104, 1, '<p>mostafa<br data-mce-bogus="1"></p><p>mostafa<br></p><p>mostafa<br></p><p>mostafa<br></p>', '2017-04-29 19:04:24', '2017-04-29 19:04:24'),
(1027, 104, 1, '<p>asdasdsa</p><p>asd</p>', '2017-04-29 19:07:53', '2017-04-29 19:07:53'),
(1028, 104, 1, '<p>Mostafa Rabia</p>', '2017-04-29 19:11:21', '2017-04-29 19:11:21'),
(1029, 104, 1, '<p>Mostafa Rabia</p><p><br data-mce-bogus="1"></p>', '2017-04-29 19:11:21', '2017-04-29 19:11:21'),
(1030, 104, 1, '<p>sadqweqweq</p>', '2017-04-29 19:33:41', '2017-04-29 19:33:41'),
(1031, 104, 1, '<p>sadqweqweqw</p>', '2017-04-29 19:33:41', '2017-04-29 19:33:41'),
(1032, 104, 1, '<p>asdqweqeqq</p>', '2017-04-29 19:34:08', '2017-04-29 19:34:08'),
(1033, 104, 1, '<p>qweqwewwewqewq</p>', '2017-04-29 19:37:47', '2017-04-29 19:37:47'),
(1034, 104, 1, '<p>Mostafa Rabia</p>', '2017-04-29 19:38:08', '2017-04-29 19:38:08'),
(1035, 104, 1, '<p>mostafa</p><p>mostafa</p><p>mostafa</p><p>mostafa</p><p>mostafa</p><p>mostafa</p><p>mostafa</p><p>mostafa</p><p>mostafa</p><p>mostafa</p><p>mostafa</p><p>mostafa</p><p>mostafa</p><p>mostafa</p><p>mostafa</p><p>mostafa</p><p>mostafa</p><p>mostafa</p><p>mostafa</p><p>mostafa</p><p>mostafa</p><p>mostafa</p><p>mostafa</p><p>mostafa</p><p>mostafa</p><p>mostafa</p><p>mostafa</p><p>mostafa</p><p>mostafa</p><p>mostafa</p><p>mostafa</p><p>mostafa</p><p>mostafa</p><p>mostafa</p><p>mostafa</p><p>mostafa</p><p>mostafa</p><p>vmostafa</p><p>mostafa</p><p>mostafa</p><p>mostafa</p><p>mostafa</p><p>mostafa</p><p>mostafa</p><p>mostafa</p><p>mostafa</p><p>mostafa</p><p>mostafa</p><p>mostafa</p><p>mostafa</p><p>mostafa</p><p>mostafa</p><p>mostafa</p><p>mostafa</p><p>mostafa</p><p>mostafa</p><p>mostafa</p><p>mostafa</p><p>mostafa</p><p>mostafa</p><p>mostafa</p><p>mostafa</p><p>mostafa</p><p>mostafa</p><p>mostafa</p><p>mostafa</p><p>mostafa</p><p>mostafa</p><p>mostafa</p><p>mostafa</p><p>mostafa</p><p>s</p>', '2017-04-29 19:39:28', '2017-04-29 19:39:28'),
(1036, 104, 1, '<p>qwe</p><p>l;''l;'';l''</p>', '2017-04-29 19:40:51', '2017-04-29 19:40:51'),
(1037, 104, 1, '<p>Mostafa Rabia</p>', '2017-05-01 02:07:09', '2017-05-01 02:07:09'),
(1089, 104, 1, '<p>Mostafa Rabia</p>', '2017-05-15 17:42:17', '2017-05-15 17:42:17'),
(1090, 104, 1, '<p>Mostafa Rabia</p>', '2017-05-15 17:43:46', '2017-05-15 17:43:46');
INSERT INTO `comments` (`id`, `post_id`, `user_id`, `comment`, `updated_at`, `created_at`) VALUES
(1091, 104, 1, '<p>Mostafa Rabia</p>', '2017-05-15 17:45:51', '2017-05-15 17:45:51'),
(1092, 104, 1, '<p>Mostafa Rabia</p>', '2017-05-15 17:46:16', '2017-05-15 17:46:16'),
(1093, 104, 1, '<p>lk;k;lk;kl;kl</p>', '2017-05-15 17:46:20', '2017-05-15 17:46:20'),
(1094, 104, 1, '<p>lk;k;lk;kl;kl</p>', '2017-05-15 17:47:30', '2017-05-15 17:47:30'),
(1095, 104, 1, '<p>lk;k;lk;kl;kl</p>', '2017-05-15 17:47:51', '2017-05-15 17:47:51'),
(1096, 104, 1, '<p>lk;k;lk;kl;kl</p>', '2017-05-15 17:48:11', '2017-05-15 17:48:11'),
(1097, 104, 1, '<p>lk;k;lk;kl;kl</p>', '2017-05-15 17:48:49', '2017-05-15 17:48:49'),
(1098, 104, 1, '<p>lk;k;lk;kl;kl</p>', '2017-05-15 17:49:15', '2017-05-15 17:49:15'),
(1099, 104, 1, '<p>lk;k;lk;kl;kl</p>', '2017-05-15 17:50:14', '2017-05-15 17:50:14'),
(1100, 104, 1, '<p>شسيسشيشسيشس</p>', '2017-05-15 17:56:18', '2017-05-15 17:56:18'),
(1101, 104, 1, '<p>&nbsp;<br></p><p>شسيسشيشسيشس</p><p>&nbsp;<br></p>', '2017-05-15 17:57:04', '2017-05-15 17:57:04'),
(1102, 104, 1, '<p>شسيسشيشسيشس</p>', '2017-05-15 17:57:27', '2017-05-15 17:57:27'),
(1103, 104, 1, '<p>&nbsp;<br></p><p>شسيسشيشسيشس</p><p>&nbsp;<br></p>', '2017-05-15 17:57:31', '2017-05-15 17:57:31'),
(1104, 104, 1, '<p>&nbsp;<br></p><p>&nbsp;<br></p><p>شسيسشيشسيشس</p><p>&nbsp;<br></p><p>&nbsp;<br></p>', '2017-05-15 17:57:35', '2017-05-15 17:57:35'),
(1105, 104, 1, '<p>شسيسشيشسيشس</p>', '2017-05-15 17:58:13', '2017-05-15 17:58:13'),
(1106, 104, 1, '<p>شسيسشيشسيشس</p>', '2017-05-15 17:58:32', '2017-05-15 17:58:32'),
(1107, 104, 1, '<p>شسيسشيشسيشس</p>', '2017-05-15 17:59:59', '2017-05-15 17:59:59'),
(1108, 104, 1, '<p>شسيسشيشسيشس</p>', '2017-05-15 18:00:04', '2017-05-15 18:00:04'),
(1110, 104, 1, '<p>شسيسشيشسيشس</p>', '2017-05-15 18:01:15', '2017-05-15 18:01:15'),
(1111, 104, 1, '<p>شسيسشيشسيشس</p>', '2017-05-15 18:01:51', '2017-05-15 18:01:51'),
(1112, 104, 1, '<p>شسيسشيشسيشس</p>', '2017-05-15 18:04:07', '2017-05-15 18:04:07'),
(1113, 104, 1, '<p>شسيسشيشسيشس</p>', '2017-05-15 18:13:42', '2017-05-15 18:13:42'),
(1114, 104, 1, '<p>شسيسشيشسيشس</p>', '2017-05-15 18:14:26', '2017-05-15 18:14:26'),
(1115, 104, 1, '<p>شسيسشيشسيشس</p>', '2017-05-15 18:14:47', '2017-05-15 18:14:47'),
(1116, 104, 1, '<p>شسيسشيشسيشس</p>', '2017-05-15 18:14:56', '2017-05-15 18:14:56'),
(1117, 104, 1, '<p>شسيسشيشسيشس</p>', '2017-05-15 18:15:05', '2017-05-15 18:15:05'),
(1118, 104, 1, '<p>شسيسشيشسيشس</p>', '2017-05-15 18:17:01', '2017-05-15 18:17:01'),
(1119, 104, 1, '<p>شسيسشيشسيشس</p>', '2017-05-15 18:17:46', '2017-05-15 18:17:46'),
(1120, 104, 1, '<p>شسيسشيشسيشس</p>', '2017-05-15 18:17:55', '2017-05-15 18:17:55'),
(1121, 104, 1, '<p>شسيسشيشسيشس</p>', '2017-05-15 18:18:05', '2017-05-15 18:18:05'),
(1122, 104, 1, '<p>asdsadsass</p>', '2017-05-19 16:57:26', '2017-05-19 16:57:26'),
(1123, 104, 1, '<p>شسيسشيشسيشسll</p>', '2017-05-19 16:58:03', '2017-05-19 16:58:03'),
(1124, 104, 1, '<p><span id="_mce_caret" data-mce-bogus="true"><span style="color: rgb(255, 0, 0); font-size: 36pt;" data-mce-style="color: #ff0000;">جزاك الله كل خير</span></span><br></p>', '2017-05-19 17:22:04', '2017-05-19 17:05:27'),
(1125, 104, 1, '<p></p><p>adsadasdasdasdqwewqeqw</p>', '2017-05-19 17:25:49', '2017-05-19 17:22:37'),
(1127, 104, 1, '<p>asdsadsadsadsad</p>', '2017-05-19 17:25:44', '2017-05-19 17:25:44'),
(1128, 104, 1, '<p>ASDASDSADASDA</p>', '2017-05-19 17:29:20', '2017-05-19 17:29:20');

-- --------------------------------------------------------

--
-- Table structure for table `contactus`
--

CREATE TABLE `contactus` (
  `id` int(11) NOT NULL,
  `name` varchar(255) COLLATE utf8mb4_unicode_ci NOT NULL,
  `link_social` varchar(255) COLLATE utf8mb4_unicode_ci NOT NULL
) ENGINE=InnoDB DEFAULT CHARSET=utf8mb4 COLLATE=utf8mb4_unicode_ci;

--
-- Dumping data for table `contactus`
--

INSERT INTO `contactus` (`id`, `name`, `link_social`) VALUES
(1, 'Facebook', 'https://www.facebook.com/groups/Thnwy.S.S/'),
(2, 'Google +', ''),
(3, 'Twitter', '');

-- --------------------------------------------------------

--
-- Table structure for table `defaults`
--

CREATE TABLE `defaults` (
  `id` int(10) NOT NULL,
  `type` varchar(255) COLLATE utf8mb4_unicode_ci NOT NULL,
  `properaty` varchar(255) COLLATE utf8mb4_unicode_ci NOT NULL,
  `data` varchar(255) COLLATE utf8mb4_unicode_ci NOT NULL
) ENGINE=InnoDB DEFAULT CHARSET=utf8mb4 COLLATE=utf8mb4_unicode_ci;

--
-- Dumping data for table `defaults`
--

INSERT INTO `defaults` (`id`, `type`, `properaty`, `data`) VALUES
(1, 'Titles', 'nameOfSite', 'كتالوج'),
(2, 'Header', 'sortBy', 'اختر طريقة عرض المواضيع'),
(3, 'Header', 'Types', 'الاقسام'),
(4, 'Header', 'Search', 'ابحث عن موضوع'),
(5, 'Header', 'homePage', 'الصفحة الرئيسية'),
(6, 'Header', 'contactUs', ': تابعنا علي');

-- --------------------------------------------------------

--
-- Table structure for table `migrations`
--

CREATE TABLE `migrations` (
  `id` int(10) UNSIGNED NOT NULL,
  `migration` varchar(191) COLLATE utf8mb4_unicode_ci NOT NULL,
  `batch` int(11) NOT NULL
) ENGINE=InnoDB DEFAULT CHARSET=utf8mb4 COLLATE=utf8mb4_unicode_ci;

--
-- Dumping data for table `migrations`
--

INSERT INTO `migrations` (`id`, `migration`, `batch`) VALUES
(8, '2014_10_12_000000_create_users_table', 1),
(9, '2014_10_12_100000_create_password_resets_table', 1),
(10, '2017_04_04_201009_create_types_table', 1),
(11, '2017_04_04_202337_create_authors_table', 1);

-- --------------------------------------------------------

--
-- Table structure for table `opinions`
--

CREATE TABLE `opinions` (
  `id` int(10) NOT NULL,
  `user_id` int(10) UNSIGNED DEFAULT NULL,
  `guest_ip` varchar(255) COLLATE utf8mb4_unicode_ci DEFAULT NULL,
  `post_id` int(10) UNSIGNED NOT NULL,
  `notreaded` int(1) NOT NULL DEFAULT '0',
  `opinion` varchar(50) COLLATE utf8mb4_unicode_ci NOT NULL,
  `created_at` timestamp NOT NULL DEFAULT CURRENT_TIMESTAMP ON UPDATE CURRENT_TIMESTAMP,
  `updated_at` timestamp NOT NULL DEFAULT CURRENT_TIMESTAMP ON UPDATE CURRENT_TIMESTAMP
) ENGINE=InnoDB DEFAULT CHARSET=utf8mb4 COLLATE=utf8mb4_unicode_ci;

--
-- Dumping data for table `opinions`
--

INSERT INTO `opinions` (`id`, `user_id`, `guest_ip`, `post_id`, `notreaded`, `opinion`, `created_at`, `updated_at`) VALUES
(8, NULL, '::1', 104, 0, 'Readed', '2017-04-08 19:47:26', '2017-04-08 19:47:26'),
(9, NULL, '::1', 103, 0, 'Readed', '2017-04-08 19:47:35', '2017-04-08 19:47:35'),
(10, NULL, '::1', 101, 0, 'Readed', '2017-04-08 20:00:48', '2017-04-08 20:00:48'),
(11, NULL, '::1', 99, 0, 'Readed', '2017-04-08 20:02:23', '2017-04-08 20:02:23'),
(12, NULL, '::1', 100, 0, 'Readed', '2017-04-08 20:03:31', '2017-04-08 20:03:31'),
(13, NULL, '::1', 102, 0, 'Readed', '2017-04-09 06:36:46', '2017-04-09 06:36:46'),
(14, NULL, '::1', 95, 0, 'Readed', '2017-04-09 06:53:32', '2017-04-09 06:53:32'),
(17, NULL, '::1', 63, 0, 'Readed', '2017-04-10 18:53:46', '2017-04-10 18:53:46'),
(21, 1, NULL, 104, 0, 'Readed', '2017-04-13 02:37:26', '2017-04-13 02:37:26'),
(22, 1, NULL, 103, 0, 'Readed', '2017-04-13 02:43:20', '2017-04-13 02:43:20'),
(24, 1, NULL, 100, 0, 'Readed', '2017-04-13 08:40:07', '2017-04-13 08:40:07'),
(25, 1, NULL, 98, 0, 'Readed', '2017-04-13 08:45:46', '2017-04-13 08:45:46'),
(26, 1, NULL, 102, 0, 'Readed', '2017-04-13 09:12:46', '2017-04-13 09:12:46'),
(27, NULL, '::1', 98, 0, 'Readed', '2017-04-13 14:02:00', '2017-04-13 14:02:00'),
(28, 1, NULL, 102, 1, 'Like', '2017-04-14 12:23:06', '2017-04-14 12:23:06'),
(44, 1, NULL, 99, 0, 'Readed', '2017-04-15 02:33:23', '2017-04-15 02:33:23'),
(45, 1, NULL, 99, 1, 'Deslike', '2017-04-15 02:36:25', '2017-04-15 02:36:25'),
(47, 5, NULL, 104, 0, 'Readed', '2017-04-16 18:24:11', '2017-04-16 18:24:11'),
(48, 5, NULL, 104, 1, 'Like', '2017-04-16 18:40:45', '2017-04-16 18:40:45'),
(49, 5, NULL, 103, 0, 'Readed', '2017-04-16 18:41:50', '2017-04-16 18:41:50'),
(52, 1, NULL, 101, 0, 'Readed', '2017-04-28 15:14:53', '2017-04-28 15:14:53'),
(54, 1, NULL, 104, 1, 'Deslike', '2017-05-15 15:26:52', '2017-05-15 15:26:52');

-- --------------------------------------------------------

--
-- Table structure for table `password_resets`
--

CREATE TABLE `password_resets` (
  `email` varchar(191) COLLATE utf8mb4_unicode_ci NOT NULL,
  `token` varchar(191) COLLATE utf8mb4_unicode_ci NOT NULL,
  `created_at` timestamp NULL DEFAULT NULL
) ENGINE=InnoDB DEFAULT CHARSET=utf8mb4 COLLATE=utf8mb4_unicode_ci;

-- --------------------------------------------------------

--
-- Table structure for table `posts`
--

CREATE TABLE `posts` (
  `id` int(10) UNSIGNED NOT NULL,
  `post` longtext COLLATE utf8mb4_unicode_ci NOT NULL,
  `title` varchar(191) COLLATE utf8mb4_unicode_ci NOT NULL,
  `author` int(10) UNSIGNED NOT NULL,
  `type` int(10) UNSIGNED NOT NULL,
  `image` varchar(191) COLLATE utf8mb4_unicode_ci NOT NULL,
  `likes` int(10) NOT NULL,
  `dislikes` int(10) NOT NULL,
  `readed` int(10) NOT NULL,
  `created_at` timestamp NULL DEFAULT NULL,
  `updated_at` timestamp NULL DEFAULT NULL
) ENGINE=InnoDB DEFAULT CHARSET=utf8mb4 COLLATE=utf8mb4_unicode_ci;

--
-- Dumping data for table `posts`
--

INSERT INTO `posts` (`id`, `post`, `title`, `author`, `type`, `image`, `likes`, `dislikes`, `readed`, `created_at`, `updated_at`) VALUES
(53, '*بوست مهم\nتعرف لية ؟ لانه بيحسب حسناتك !*\nعارفين انتوا الورد اليومي ؟ الي هو صفحتين كل يوم دة\nحد جرب يعد الصفحة الواحدة فيها كام حرف ؟\nهقولك يا سيدي متعبش نفسك نهائياً\nمثلاً عندك سورة مريم صفحة 305 الايات من 1 ل11\nكام حرف ؟\nعدها الكمبيوتر 405 حرف\nيعني كام حسنة ؟\n405*10 = 4050 حسنة\nيعني كام حسنة في 100 يوم عشان بمشي علي سطر و اسيب اخوه\n4050*100 = 405000 = 405 الف حسنة\nطيب في السنة عشان انا تحمست جداً \n4050*365 = 1478250 = مليون 478 الف و 250 حسنة\nشوف بقي اني واحدة هي المنجية\nلا كمان شوف انت قريت قد اية\nلا كمان شوف انت بتضيع قد اية فmostsfaي وقت فراغك للأسف\nطيب اية رأيك في اية الدين ؟ اية رقم 282 في سورة البقرة اطول اية في القرأن الكريم و هي اية بطول صفحة تامة\nعدها الكمبيوتر 549 حرف\nو احسبها زي اختها انت مش هتفضل قاعد كدا لا شغلة ولا مشغلة و مشغل سكرول داون بس و كمان مضيع قد كدا جبال حسنات !!\nتخيل كدا معايا ان لو دول فلوس\nكل ما تقرأ حرف تاخد حسنة و الحسنة بعشر امثالها = 10 جنيه\nو الله يضاعف لمن يشاء\nهتكسل ؟ والله لن تكسل ابداً يابن ادم لو كان دة فلوس\nيعني كنت هتكسل تجمع في السنة مليون جنيه ؟\nدة بأعتبار انك هتقرأ كل يوم صفحة فيها 405 حرف\nفما بالك بأنك تقدر تقفله كل سنة 12 مرة !!\nبل و اكتر !! شوف هتجمع كام في الاخر\nكنت هتكسل ؟\nلية تكسل ؟ اقنعني بالكسل و انا هستقيل فوراً و هكسل\nطيب لية متقراش ؟ الحسنات دول كلهم يابني لو انت ابطأ من السلحفاء هتجيبهم في نص ساعة و اقل\nمعندكش نص ساعة فراغ ؟ اكيد عندك\nحتي لو نص ساعة متقسمين علي 24 ساعة والله مفيد جداً كدا\nفلية تكسل ؟\nمتنساش ان الحسنة بعشر امثالها = 10 حسنات\nو ان الله يضاعف لمن يشاء ممكن الحسنة تبقي ب700 و اكتر و الله اعلم\nو متنساش ان احب الاعمال الي الله ادومها و ان قلت = صفحة كل يوم بس\nفبرضوا لية تكسل ؟ لو جاوبت علي السؤال دة صح و عرفت المشكلة فين هتعرف حلها\nو يابخت من كان عنده الكسل و راح :D\n#البوست_الديني\n#كل_يوم_نقرب_اكتر', 'عد حسناتك', 1, 4, 'image.jpg', 1, 0, 4, NULL, NULL),
(54, 'post1', 'title1', 1, 1, 'image.jpg', 0, 0, 0, NULL, NULL),
(55, 'post2post2post2post2post2post2post2post2post2post2post2post2post2post2post2post2post2post2post2vpost2post2post2post2post2post2post2post2post2post2post2post2post2post2post2post2post2post2post2', 'title2', 1, 1, 'image.jpg', 0, 0, 0, NULL, NULL),
(56, 'post3', 'title3', 1, 1, 'image.jpg', 4, 0, 0, NULL, NULL),
(57, 'post4', 'title4', 1, 1, 'image.jpg', 0, 0, 0, NULL, NULL),
(58, 'post5', 'title5', 1, 1, 'image.jpg', 0, 0, 0, NULL, NULL),
(59, 'post6', 'title6', 1, 1, 'image.jpg', 0, 0, 0, NULL, NULL),
(60, 'post7', 'title7', 1, 1, 'image.jpg', 0, 0, 0, NULL, NULL),
(61, 'post8', 'title8', 1, 1, 'image.jpg', 0, 0, 0, NULL, NULL),
(62, 'post9', 'title9', 1, 1, 'image.jpg', 0, 0, 0, NULL, NULL),
(63, 'post10', 'title10', 1, 1, 'image.jpg', 0, 0, 1, NULL, '2017-04-10 18:53:46'),
(64, 'post11', 'title11', 1, 1, 'image.jpg', 0, 0, 0, NULL, NULL),
(65, 'post12', 'title12', 1, 1, 'image.jpg', 0, 0, 0, NULL, NULL),
(66, 'post13', 'title13', 1, 1, 'image.jpg', 0, 0, 0, NULL, NULL),
(67, 'post14', 'title14', 1, 1, 'image.jpg', 0, 0, 0, NULL, NULL),
(68, 'post15', 'title15', 1, 1, 'image.jpg', 0, 0, 0, NULL, NULL),
(69, 'post16', 'title16', 1, 1, 'image.jpg', 0, 0, 0, NULL, NULL),
(70, 'post17', 'title17', 1, 1, 'image.jpg', 0, 0, 0, NULL, NULL),
(71, 'post18', 'title18', 1, 1, 'image.jpg', 0, 0, 0, NULL, NULL),
(72, 'post19', 'title19', 1, 1, 'image.jpg', 0, 0, 0, NULL, NULL),
(73, 'post20', 'title20', 1, 1, 'image.jpg', 0, 0, 0, NULL, NULL),
(74, 'post21', 'title21', 1, 1, 'image.jpg', 0, 0, 0, NULL, NULL),
(75, 'post22', 'title22', 1, 1, 'image.jpg', 0, 0, 0, NULL, NULL),
(76, 'post23', 'title23', 1, 1, 'image.jpg', 0, 0, 9, NULL, NULL),
(77, 'post24', 'title24', 1, 1, 'image.jpg', 0, 0, 0, NULL, NULL),
(78, 'post25', 'title25', 1, 1, 'image.jpg', 0, 0, 0, NULL, NULL),
(79, 'post26', 'title26', 1, 1, 'image.jpg', 0, 0, 0, NULL, NULL),
(80, 'post27', 'title27', 1, 1, 'image.jpg', 0, 0, 0, NULL, NULL),
(81, 'post28', 'title28', 1, 1, 'image.jpg', 0, 0, 0, NULL, NULL),
(82, 'post29', 'title29', 1, 1, 'image.jpg', 0, 0, 0, NULL, NULL),
(83, 'post30', 'title30', 1, 1, 'image.jpg', 0, 0, 0, NULL, NULL),
(84, 'post31', 'title31', 1, 1, 'image.jpg', 0, 0, 0, NULL, NULL),
(85, 'post32', 'title32', 1, 1, 'image.jpg', 0, 0, 0, NULL, NULL),
(86, 'post33', 'title33', 1, 1, 'image.jpg', 0, 0, 0, NULL, NULL),
(87, 'post34', 'title34', 1, 1, 'image.jpg', 0, 0, 0, NULL, NULL),
(88, 'post35', 'title35', 1, 1, 'image.jpg', 0, 0, 0, NULL, NULL),
(89, 'post36', 'title36', 1, 1, 'image.jpg', 0, 0, 0, NULL, NULL),
(90, 'post37', 'title37', 1, 1, 'image.jpg', 0, 0, 0, NULL, NULL),
(91, 'post38', 'title38', 1, 1, 'image.jpg', 0, 0, 0, NULL, NULL),
(92, 'post39', 'title39', 1, 1, 'image.jpg', 0, 0, 0, NULL, NULL),
(93, 'post40', 'title40', 1, 1, 'image.jpg', 0, 0, 0, NULL, NULL),
(94, 'post41', 'title41', 1, 1, 'image.jpg', 0, 0, 0, NULL, NULL),
(95, 'post42', 'title42', 1, 1, 'image3.jpg', 0, 0, 1, NULL, '2017-04-09 06:53:32'),
(96, 'post43', 'title43', 1, 1, 'image.jpg', 0, 0, 0, NULL, NULL),
(97, 'post44', 'title44', 1, 1, 'image.jpg', 0, 0, 0, NULL, NULL),
(98, 'post45', 'title45', 1, 1, 'image.jpg', 0, 0, 2, NULL, '2017-04-13 14:02:00'),
(99, 'post46', 'title46', 1, 1, 'image.jpg', 0, 1, 2, NULL, '2017-04-15 02:36:25'),
(100, 'post47', 'title47', 1, 1, 'image.jpg', 0, 0, 2, NULL, '2017-04-13 08:40:07'),
(101, 'post48', 'title48', 1, 1, 'image.jpg', 0, 0, 2, NULL, '2017-04-28 15:14:53'),
(102, 'post49', 'title49', 1, 1, 'image3.jpg', 1, 0, 2, NULL, '2017-04-13 14:02:29'),
(103, 'بسم الله الرحمن الرحيم \r\n#ازاي_تبعد_عن_السوشيال_ميديا #ازاي \r\nالبوست التالت من الفقره واتمني انه يعجبكم زي اللي فاتوا.\r\nدلوقتي شهر المراجعه وبعده الامتحانات ومحتاج تركيز وتوفير وقت وضغط عشان نقدر نلم المواد، اشطا طب دا هيتم ازاي في وجود الجهاز اللعين والموقع الالعّن اللي بكتبلكم منه؟\r\nالموضوع النهارده مش محتاج مقدمه طويله وهدخل في الموضوع علي طول بحيث نختصر اكبر كم من الافاده في الحوار دا\r\nعشان نمنع نفسنا فاحنا لازم نحدد بنمنع ليه؟ وهنمنع نفسنا ازاي \r\nاول طريقه ، وهي نمنع وخلاص اي حاجه ودي سهله والاهل بيستخدموها وهي انك تعمل اي حاجه تمنعك عن الموبايل وخلاص ، ودي سهله ممكن تبحث علي الستور عن App locker for study او تكلم والد او والدتك او اخوك او اختك بانهم ياخدوا منم الموبايل غصب في فتره من كذا كذا عشان اذاكر :""" لول \r\nدي طريقه فاشله،بغض النظر انها بتنفع ساعات بس مش بتنفع كتير ، لانك هتعود نفسك علي حاجه غلط وبتسلب ارادتك بل هيكون كل تفكيرك في الموبايل حتي وهو مش معاك ، بس دا ميمنعش انها بتنفع احياناً برضوا . \r\nسيبك من دي نخش في الاهم \r\nازاي تقلل وتذاكر وتعيش حياتك ! دا المهم\r\nكل حاجه ليها وقت محدد ودي حياه الانسان الطبيعي، هتذاكر وهتمسك الموبايل فنفس الوقت وترفه عن نفسك\r\nاولي الخطوات هتكون صعبه وهي انك تحاول بقدر الامكان تقلل من شحن الموبايل وتحاول تخلي وقت فصلانه هو وقت بدايه المذاكره بحيث يتشحن طول مانت بتذاكر \r\nتاني حاجه وهي انك تكافئ نفسك ودي انا بستعملها ، بيكون الموبايل جنبي وسايبه \r\nوهي اني بذاكر درس مثلا اتراهن مع نفسي اني احفظ اول صفحتين مثلا في ١٠د واقوم مكافئ نفسي ب١٠دقايق موبايل وهكذا بس مع الوقت تكتر الكميه وتقلل وقت الموب لان كلامي دا للي هيبدئ من الصفر وتاخد زنقه الامتحان كحافز ليك وهو "ومالو لو ذاكرت بجد ومسكت الموبايل في وقت واحد"\r\nتالت حاجه وهي البريك ، هذاكر ساعتين واريح نص ساعه ، بسيطه\r\nرابع حاجه وهي راوند المذاكره ، انت قاعد مع مين ع النت ؟ مع كذا كذا ، طب ايه رائيك لو ذاكرتم سوا وطبقتم عقوبات علي اللي يخالف؟ وفي نفس الوقت اللي هيفتح مش هيلاقي حد !\r\nخامس حاجه وهي مزج المذاكره بالترفيه \r\nزخرف في كتابك وانت بتحفظ ، فنن في خطك وانت بتكتب وهكذا ، متع نفسك وذاكر في نفس الوقت\r\nحط قدامك هدف محدد ، هو انا بذاكر ليه؟ عشان اتفوق مثلا؟ واتكرم؟ هيبقي ليا قيمه وسط اللي حواليا؟ هرضي اهلي مثلا؟ وهكذا \r\nالكلام دا زي ما بكتيه لتحفيزكم فبكتبه عشان احفز نفسي زيكم\r\nواخيراً ، الحوار دا لسه نصايح كتير جداً ، يصعب علي عقلي الصغير انه يجمعها مع بعض في وقت واحد ويفتكرهم لذالك اي حد عنده سؤال يحطه وانا هرد عليه ان شاء الله.\r\nولو فيه افكار كتير جت ممكن اعمل بيها بوست تاني \r\nوالسلام عليكم ورحمه الله وبركاته *بصوت ابو عبد الرحمن*', 'ازاي !', 1, 1, 'image.jpg', 0, 0, 3, NULL, '2017-04-16 18:41:50'),
(104, 'test', 'test', 1, 2, 'image.jpg', 9, 4, 14, NULL, '2017-05-15 15:26:52');

-- --------------------------------------------------------

--
-- Table structure for table `sortsBy`
--

CREATE TABLE `sortsBy` (
  `id` int(10) NOT NULL,
  `sortByEnglish` varchar(255) COLLATE utf8mb4_unicode_ci NOT NULL,
  `sortByArabic` varchar(255) COLLATE utf8mb4_unicode_ci NOT NULL,
  `sortByRoutes` varchar(255) COLLATE utf8mb4_unicode_ci NOT NULL,
  `Sql` varchar(255) COLLATE utf8mb4_unicode_ci NOT NULL
) ENGINE=InnoDB DEFAULT CHARSET=utf8mb4 COLLATE=utf8mb4_unicode_ci;

--
-- Dumping data for table `sortsBy`
--

INSERT INTO `sortsBy` (`id`, `sortByEnglish`, `sortByArabic`, `sortByRoutes`, `Sql`) VALUES
(1, 'Likes', 'اكثر المواضيع اعجابا', 'motestlike', 'likes'),
(2, 'Readed', 'الاكثر قراءة', 'readed', 'readed');

-- --------------------------------------------------------

--
-- Table structure for table `types`
--

CREATE TABLE `types` (
  `id` int(10) UNSIGNED NOT NULL,
  `type` varchar(191) COLLATE utf8mb4_unicode_ci NOT NULL,
  `hash` varchar(191) COLLATE utf8mb4_unicode_ci NOT NULL,
  `created_at` timestamp NULL DEFAULT NULL,
  `updated_at` timestamp NULL DEFAULT NULL
) ENGINE=InnoDB DEFAULT CHARSET=utf8mb4 COLLATE=utf8mb4_unicode_ci;

--
-- Dumping data for table `types`
--

INSERT INTO `types` (`id`, `type`, `hash`, `created_at`, `updated_at`) VALUES
(1, 'بوستات فنية', '#بوست_فني', NULL, NULL),
(2, 'بوستات علمية', '#بوست_علمي', NULL, NULL),
(3, 'بوستات دينية', '#بوست_ديني', NULL, NULL),
(4, 'بوستات تاريخية', '#بوست_تاريخي', NULL, NULL);

-- --------------------------------------------------------

--
-- Table structure for table `users`
--

CREATE TABLE `users` (
  `id` int(10) UNSIGNED NOT NULL,
  `name` varchar(191) COLLATE utf8mb4_unicode_ci NOT NULL,
  `email` varchar(191) COLLATE utf8mb4_unicode_ci NOT NULL,
  `password` varchar(191) COLLATE utf8mb4_unicode_ci NOT NULL,
  `remember_token` varchar(100) COLLATE utf8mb4_unicode_ci DEFAULT NULL,
  `created_at` timestamp NULL DEFAULT NULL,
  `updated_at` timestamp NULL DEFAULT NULL
) ENGINE=InnoDB DEFAULT CHARSET=utf8mb4 COLLATE=utf8mb4_unicode_ci;

--
-- Indexes for dumped tables
--

--
-- Indexes for table `authors`
--
ALTER TABLE `authors`
  ADD PRIMARY KEY (`id`),
  ADD UNIQUE KEY `nickname_2` (`nickname`),
  ADD UNIQUE KEY `email_2` (`email`,`facebook`,`google`,`twitter`),
  ADD KEY `nickname` (`nickname`),
  ADD KEY `email` (`email`,`facebook`,`google`,`twitter`);

--
-- Indexes for table `comments`
--
ALTER TABLE `comments`
  ADD PRIMARY KEY (`id`),
  ADD UNIQUE KEY `id` (`id`),
  ADD KEY `post_id` (`post_id`),
  ADD KEY `user_id` (`user_id`);

--
-- Indexes for table `contactus`
--
ALTER TABLE `contactus`
  ADD PRIMARY KEY (`id`);

--
-- Indexes for table `defaults`
--
ALTER TABLE `defaults`
  ADD PRIMARY KEY (`id`);

--
-- Indexes for table `migrations`
--
ALTER TABLE `migrations`
  ADD PRIMARY KEY (`id`);

--
-- Indexes for table `opinions`
--
ALTER TABLE `opinions`
  ADD PRIMARY KEY (`id`),
  ADD KEY `user_id` (`user_id`),
  ADD KEY `post_id` (`post_id`);

--
-- Indexes for table `password_resets`
--
ALTER TABLE `password_resets`
  ADD KEY `password_resets_email_index` (`email`);

--
-- Indexes for table `posts`
--
ALTER TABLE `posts`
  ADD PRIMARY KEY (`id`),
  ADD KEY `author` (`author`,`type`),
  ADD KEY `posts_type_foreign` (`type`);

--
-- Indexes for table `sortsBy`
--
ALTER TABLE `sortsBy`
  ADD PRIMARY KEY (`id`);

--
-- Indexes for table `types`
--
ALTER TABLE `types`
  ADD PRIMARY KEY (`id`);

--
-- Indexes for table `users`
--
ALTER TABLE `users`
  ADD PRIMARY KEY (`id`),
  ADD UNIQUE KEY `users_email_unique` (`email`);

--
-- AUTO_INCREMENT for dumped tables
--

--
-- AUTO_INCREMENT for table `authors`
--
ALTER TABLE `authors`
  MODIFY `id` int(10) UNSIGNED NOT NULL AUTO_INCREMENT, AUTO_INCREMENT=6;
--
-- AUTO_INCREMENT for table `comments`
--
ALTER TABLE `comments`
  MODIFY `id` bigint(10) UNSIGNED NOT NULL AUTO_INCREMENT, AUTO_INCREMENT=1129;
--
-- AUTO_INCREMENT for table `contactus`
--
ALTER TABLE `contactus`
  MODIFY `id` int(11) NOT NULL AUTO_INCREMENT, AUTO_INCREMENT=4;
--
-- AUTO_INCREMENT for table `defaults`
--
ALTER TABLE `defaults`
  MODIFY `id` int(10) NOT NULL AUTO_INCREMENT, AUTO_INCREMENT=7;
--
-- AUTO_INCREMENT for table `migrations`
--
ALTER TABLE `migrations`
  MODIFY `id` int(10) UNSIGNED NOT NULL AUTO_INCREMENT, AUTO_INCREMENT=12;
--
-- AUTO_INCREMENT for table `opinions`
--
ALTER TABLE `opinions`
  MODIFY `id` int(10) NOT NULL AUTO_INCREMENT, AUTO_INCREMENT=55;
--
-- AUTO_INCREMENT for table `posts`
--
ALTER TABLE `posts`
  MODIFY `id` int(10) UNSIGNED NOT NULL AUTO_INCREMENT, AUTO_INCREMENT=105;
--
-- AUTO_INCREMENT for table `sortsBy`
--
ALTER TABLE `sortsBy`
  MODIFY `id` int(10) NOT NULL AUTO_INCREMENT, AUTO_INCREMENT=3;
--
-- AUTO_INCREMENT for table `types`
--
ALTER TABLE `types`
  MODIFY `id` int(10) UNSIGNED NOT NULL AUTO_INCREMENT, AUTO_INCREMENT=5;
--
-- AUTO_INCREMENT for table `users`
--
ALTER TABLE `users`
  MODIFY `id` int(10) UNSIGNED NOT NULL AUTO_INCREMENT;
--
-- Constraints for dumped tables
--

--
-- Constraints for table `comments`
--
ALTER TABLE `comments`
  ADD CONSTRAINT `comments_ibfk_1` FOREIGN KEY (`post_id`) REFERENCES `posts` (`id`) ON DELETE CASCADE ON UPDATE CASCADE,
  ADD CONSTRAINT `comments_ibfk_2` FOREIGN KEY (`user_id`) REFERENCES `authors` (`id`) ON DELETE CASCADE ON UPDATE CASCADE;

--
-- Constraints for table `opinions`
--
ALTER TABLE `opinions`
  ADD CONSTRAINT `opinions_ibfk_1` FOREIGN KEY (`user_id`) REFERENCES `authors` (`id`),
  ADD CONSTRAINT `opinions_ibfk_2` FOREIGN KEY (`post_id`) REFERENCES `posts` (`id`);

--
-- Constraints for table `posts`
--
ALTER TABLE `posts`
  ADD CONSTRAINT `posts_author_foreign` FOREIGN KEY (`author`) REFERENCES `authors` (`id`) ON UPDATE CASCADE,
  ADD CONSTRAINT `posts_type_foreign` FOREIGN KEY (`type`) REFERENCES `types` (`id`) ON UPDATE CASCADE;

/*!40101 SET CHARACTER_SET_CLIENT=@OLD_CHARACTER_SET_CLIENT */;
/*!40101 SET CHARACTER_SET_RESULTS=@OLD_CHARACTER_SET_RESULTS */;
/*!40101 SET COLLATION_CONNECTION=@OLD_COLLATION_CONNECTION */;
